name,datetime,tempmax,tempmin,temp,feelslikemax,feelslikemin,feelslike,dew,humidity,precip,precipprob,precipcover,preciptype,snow,snowdepth,windgust,windspeed,winddir,sealevelpressure,cloudcover,visibility,solarradiation,solarenergy,uvindex,severerisk,sunrise,sunset,moonphase,conditions,description,icon,stations
"delhi, India",2020-09-01,34.6,26,29.9,41.2,26,34.3,24,71.9,0,0,0,,0,0,25.2,12.6,170.8,1004.8,44.5,3.9,189.9,16.4,6,,2020-09-01T05:59:14,2020-09-01T18:42:30,0.47,Partially cloudy,Partly cloudy throughout the day.,partly-cloudy-day,"42182099999,42176099999,VIDP,42139099999,42181099999,VIDD"
"delhi, India",2020-09-02,34.1,26,30.2,43.2,26,35.9,25,74.6,0,0,0,,0,0,18.4,10.3,239.1,1006.7,65.2,3.5,215.2,18.7,8,,2020-09-02T05:59:43,2020-09-02T18:41:22,0.5,Partially cloudy,Partly cloudy throughout the day.,partly-cloudy-day,"42182099999,42176099999,VIDP,42139099999,42181099999,VIDD"
"delhi, India",2020-09-03,34.7,28,30.9,45.6,32.7,38.7,25.9,75.6,0.06,100,4.17,rain,0,0,45,15.3,89.9,1007.1,67.3,2.9,186.4,16.3,8,,2020-09-03T06:00:13,2020-09-03T18:40:13,0.53,"Rain, Partially cloudy",Partly cloudy throughout the day with afternoon rain.,rain,"42182099999,42176099999,VIDP,42139099999,42181099999,VIDD"
"delhi, India",2020-09-04,34.6,28,30.5,46,32.7,38.5,26.1,77.7,1.129,100,4.17,rain,0,0,32,11.2,114.1,1006.2,61.6,2.7,214.2,18.4,8,,2020-09-04T06:00:43,2020-09-04T18:39:04,0.57,"Rain, Partially cloudy",Partly cloudy throughout the day with afternoon rain.,rain,"42182099999,42176099999,VIDP,42139099999,42181099999,VIDD"
"delhi, India",2020-09-05,36.6,24.5,29.4,46.5,24.5,34.8,25.5,81.4,17.357,100,12.5,rain,0,0,46.4,19.9,258.9,1004.4,67.3,2.9,176.5,15.3,8,,2020-09-05T06:01:12,2020-09-05T18:37:54,0.6,"Rain, Partially cloudy",Partly cloudy throughout the day with rain.,rain,"42182099999,42176099999,VIDP,42139099999,42181099999,VIDD"
"delhi, India",2020-09-06,34.6,25,29.2,43.8,25,34,25.3,80.9,0,0,0,,0,0,18.4,9.4,252.3,1003.5,58.2,2.9,195.2,17,7,,2020-09-06T06:01:42,2020-09-06T18:36:44,0.63,Partially cloudy,Partly cloudy throughout the day.,partly-cloudy-day,"42182099999,42176099999,VIDP,42139099999,42181099999,VIDD"
"delhi, India",2020-09-07,33.6,27,29.2,44.1,30.6,35.6,25.8,82.2,3.24,100,4.17,rain,0,0,20.5,17.1,236.2,1003.9,55.4,2.6,217.7,18.8,8,,2020-09-07T06:02:11,2020-09-07T18:35:34,0.67,"Rain, Partially cloudy",Partly cloudy throughout the day with afternoon rain.,rain,"42182099999,42176099999,VIDP,42139099999,42181099999,VIDD"
"delhi, India",2020-09-08,34.9,26,30.1,43.3,26,35.5,25,75.7,0,0,0,,0,0,22.3,11.2,272.3,1004.6,48.1,2.7,215.4,18.8,8,,2020-09-08T06:02:41,2020-09-08T18:34:23,0.7,Partially cloudy,Partly cloudy throughout the day.,partly-cloudy-day,"42182099999,42176099999,VIDP,42139099999,42181099999,VIDD"
"delhi, India",2020-09-09,35,27.5,31,43.3,32.2,37.6,25.2,72.6,0,0,0,,0,0,22.7,14.8,283.2,1004.3,39.6,2.8,220.7,19,8,,2020-09-09T06:03:10,2020-09-09T18:33:12,0.73,Partially cloudy,Partly cloudy throughout the day.,partly-cloudy-day,"42182099999,42176099999,VIDP,42139099999,42181099999"
"delhi, India",2020-09-10,35,27,30.9,42.8,31.2,37.1,25,72.7,0,0,0,,0,0,26.6,14.8,278.3,1002.2,40,2.6,229.8,19.8,7,,2020-09-10T06:03:39,2020-09-10T18:32:01,0.75,Partially cloudy,Partly cloudy throughout the day.,partly-cloudy-day,"42182099999,42176099999,VIDP,42139099999,42181099999"
"delhi, India",2020-09-11,37,27,31.6,43,30.6,36.4,23.6,65.1,0,0,0,,0,0,20.9,13,298.2,1002.6,34.7,3.1,226.6,19.5,7,,2020-09-11T06:04:09,2020-09-11T18:30:50,0.8,Partially cloudy,Partly cloudy throughout the day.,partly-cloudy-day,"42182099999,42176099999,VIDP,42139099999,42181099999"
"delhi, India",2020-09-12,36.8,27,31.8,45.1,30.1,38,24.5,66.9,0,0,0,,0,0,20.2,7.6,339.6,1004.9,26.9,3.2,240,20.7,8,,2020-09-12T06:04:38,2020-09-12T18:29:38,0.83,Partially cloudy,Partly cloudy throughout the day.,partly-cloudy-day,"42182099999,42176099999,VIDP,42139099999,42181099999,VIDD"
"delhi, India",2020-09-13,35.8,28,32,44.4,32.7,39.4,25.3,68.9,0,0,0,,0,0,16.9,9.4,350.4,1004.9,45.1,2.7,226.7,19.7,7,,2020-09-13T06:05:07,2020-09-13T18:28:26,0.86,Partially cloudy,Partly cloudy throughout the day.,partly-cloudy-day,"42182099999,42176099999,VIDP,42139099999,42181099999,VIDD"
"delhi, India",2020-09-14,36.6,28,31.7,46.2,33.5,39.3,25.6,71.3,0,0,0,,0,0,23,9.4,320.1,1003.8,43.1,2.7,220.4,19.2,8,,2020-09-14T06:05:37,2020-09-14T18:27:15,0.9,Partially cloudy,Partly cloudy throughout the day.,partly-cloudy-day,"42182099999,42176099999,VIDP,42139099999,42181099999,VIDD"
"delhi, India",2020-09-15,36.7,26,31.7,44.1,26,38.4,25.1,69.5,0,0,0,,0,0,19.4,10.3,269.9,1003.3,44.2,2.8,242.8,20.9,8,,2020-09-15T06:06:06,2020-09-15T18:26:03,0.93,Partially cloudy,Partly cloudy throughout the day.,partly-cloudy-day,"42182099999,42176099999,VIDP,42139099999,42181099999,VIDD"
"delhi, India",2020-09-16,37.6,28.3,32.5,45.5,34.2,39.3,24.8,65.5,0,0,0,,0,0,21.6,11.2,270.2,1003,42.6,3.3,225.8,19.5,8,,2020-09-16T06:06:35,2020-09-16T18:24:50,0.96,Partially cloudy,Partly cloudy throughout the day.,partly-cloudy-day,"42182099999,42176099999,VIDP,42139099999,42181099999,VIDD"
"delhi, India",2020-09-17,36.8,28,32.5,44.8,32.7,38.9,24.4,63.6,0,0,0,,0,0,37.8,20.5,272.1,1002.7,32.4,3.3,238.9,20.8,8,,2020-09-17T06:07:05,2020-09-17T18:23:38,0,Partially cloudy,Partly cloudy throughout the day.,partly-cloudy-day,"42182099999,42176099999,VIDP,42139099999,42181099999,VIDD"
"delhi, India",2020-09-18,37.8,28,32.9,45.2,31.9,39.8,24.7,63.6,0,0,0,,0,0,33.1,16.6,274.5,1001.8,36.6,3.3,223.4,19.2,8,,2020-09-18T06:07:34,2020-09-18T18:22:26,0.03,Partially cloudy,Partly cloudy throughout the day.,partly-cloudy-day,"42182099999,42176099999,VIDP,42139099999,42181099999,VIDD"
"delhi, India",2020-09-19,36.8,28,32.2,44.4,32.7,39,24.8,66.7,0,0,0,,0,0,20.9,9.7,297.6,1002,38.2,3.3,232.8,20.1,8,,2020-09-19T06:08:04,2020-09-19T18:21:14,0.06,Partially cloudy,Partly cloudy throughout the day.,partly-cloudy-day,"42182099999,42176099999,VIDP,42139099999,42181099999,VIDD"
"delhi, India",2020-09-20,36.6,28,32.2,45.1,32.7,38.9,24.8,66.6,0,0,0,,0,0,24.8,10.3,301.3,1001.5,34.5,3.4,246.4,21.1,8,,2020-09-20T06:08:33,2020-09-20T18:20:02,0.1,Partially cloudy,Partly cloudy throughout the day.,partly-cloudy-day,"42182099999,42176099999,VIDP,42139099999,42181099999,VIDD"
"delhi, India",2020-09-21,36.6,28,32.2,45.2,31.9,39.2,24.8,65.8,0,0,0,,0,0,16.6,9.7,319.1,1000.4,37.6,3,233.5,20.2,8,,2020-09-21T06:09:03,2020-09-21T18:18:49,0.13,Partially cloudy,Partly cloudy throughout the day.,partly-cloudy-day,"42182099999,42176099999,VIDP,42139099999,42181099999,VIDD"
"delhi, India",2020-09-22,36.5,28.8,31.9,46.7,34.5,39.4,25.4,69.4,0,0,0,,0,0,31,13.3,94.1,1000.7,50.2,3,194.5,16.8,7,,2020-09-22T06:09:33,2020-09-22T18:17:37,0.17,Partially cloudy,Partly cloudy throughout the day.,partly-cloudy-day,"42182099999,42176099999,VIDP,42139099999,42181099999,VIDD"
"delhi, India",2020-09-23,35.7,28.7,31.7,44.9,34.1,38.8,25.2,69,0,0,0,,0,0,19.8,10.5,93.9,1000.9,46,3.6,213.3,18.4,8,,2020-09-23T06:10:03,2020-09-23T18:16:25,0.2,Partially cloudy,Partly cloudy throughout the day.,partly-cloudy-day,"42182099999,42176099999,VIDP,42139099999,42181099999,VIDD"
"delhi, India",2020-09-24,35,27,30.5,43.1,30.1,36.1,24.5,71.1,0,0,0,,0,0,20.2,13,101.1,1003,52,3.3,223.3,19.3,8,,2020-09-24T06:10:33,2020-09-24T18:15:13,0.25,Partially cloudy,Partly cloudy throughout the day.,partly-cloudy-day,"42182099999,42176099999,VIDP,42139099999,42181099999,VIDD"
"delhi, India",2020-09-25,36.9,27.2,31.3,40.8,30.2,35.2,22.7,62.9,0,0,0,,0,0,30.2,14.8,243.7,1002.6,29.8,3.4,243.3,21,8,,2020-09-25T06:11:03,2020-09-25T18:14:01,0.27,Partially cloudy,Partly cloudy throughout the day.,partly-cloudy-day,"42182099999,42176099999,VIDP,42139099999,42181099999,VIDD"
"delhi, India",2020-09-26,33.6,25.9,29.3,36.9,25.9,31.7,21.8,65.4,0,0,0,,0,0,31.7,18,257.1,1002.6,50.6,3,222.8,19.2,7,,2020-09-26T06:11:33,2020-09-26T18:12:50,0.31,Partially cloudy,Partly cloudy throughout the day.,partly-cloudy-day,"42182099999,42176099999,VIDP,42139099999,42181099999,VIDD"
"delhi, India",2020-09-27,35.8,24,29.4,39.6,24,31,20.2,59.6,0,0,0,,0,0,24.8,15.3,267.3,1005.4,33.2,3.6,240.7,20.9,8,,2020-09-27T06:12:04,2020-09-27T18:11:38,0.34,Partially cloudy,Partly cloudy throughout the day.,partly-cloudy-day,"42182099999,42176099999,VIDP,42139099999,42181099999,VIDD"
"delhi, India",2020-09-28,35.8,24.6,30,38.2,24.6,31.6,20.6,59.6,0,0,0,,0,0,37.1,15.4,289.6,1006.5,11.9,3.6,243.7,21.1,8,,2020-09-28T06:12:35,2020-09-28T18:10:27,0.37,Clear,Clear conditions throughout the day.,clear-day,"42182099999,42176099999,VIDP,42139099999,42181099999,VIDD"
"delhi, India",2020-09-29,35.9,24.3,29.8,39.8,24.3,31.9,21.2,62.1,0,0,0,,0,0,35.6,15.4,280.6,1006.2,14.8,3.5,238.1,20.6,8,,2020-09-29T06:13:06,2020-09-29T18:09:16,0.41,Clear,Clear conditions throughout the day.,clear-day,"42182099999,42176099999,VIDP,42139099999,42181099999,VIDD"
"delhi, India",2020-09-30,35,23,29.1,36.4,23,30,19.7,60.1,0,0,0,,0,0,37.1,16.5,269.9,1005.1,0.1,3.3,243.9,21.2,8,,2020-09-30T06:13:37,2020-09-30T18:08:06,0.44,Clear,Clear conditions throughout the day.,clear-day,"42182099999,42176099999,VIDP,42139099999,42181099999,VIDD"
"delhi, India",2020-10-01,36.8,23,29.3,38,23,30.2,19.3,58.1,0,0,0,,0,0,31.3,15.2,278.9,1004.6,3.4,3.1,241.7,20.9,8,,2020-10-01T06:14:08,2020-10-01T18:06:55,0.48,Clear,Clear conditions throughout the day.,clear-day,"42182099999,42176099999,VIDP,42139099999,42181099999,VIDD"
"delhi, India",2020-10-02,35.8,22.6,29.1,38.7,22.6,30.4,20,60.1,0,0,0,,0,0,22.7,15.1,271.1,1005.3,0,3.5,242.7,20.9,8,,2020-10-02T06:14:40,2020-10-02T18:05:45,0.5,Clear,Clear conditions throughout the day.,clear-day,"42182099999,42176099999,VIDP,42139099999,42181099999,VIDD"
"delhi, India",2020-10-03,35.8,22.3,28.8,36.6,22.3,29.3,18.4,57.1,0,0,0,,0,0,21.2,13,271.5,1006.4,0,3.4,242.4,20.8,8,,2020-10-03T06:15:12,2020-10-03T18:04:36,0.55,Clear,Clear conditions throughout the day.,clear-day,"42182099999,42176099999,VIDP,42139099999,42181099999,VIDD"
"delhi, India",2020-10-04,34.8,20.8,27.4,35.2,20.8,27.6,17.2,57.2,0,0,0,,0,0,25.6,13,293.7,1007.4,1.3,3.2,243.3,20.9,8,,2020-10-04T06:15:44,2020-10-04T18:03:26,0.58,Clear,Clear conditions throughout the day.,clear-day,"42182099999,42176099999,VIDP,42139099999,42181099999,VIDD"
"delhi, India",2020-10-05,35,21,27.7,36.7,21,28,17.1,55.8,0,0,0,,0,0,40.7,22.3,288.5,1007,0,3.6,242.3,20.8,8,,2020-10-05T06:16:17,2020-10-05T18:02:18,0.61,Clear,Clear conditions throughout the day.,clear-day,"42182099999,42176099999,VIDP,42139099999,42181099999,VIDD"
"delhi, India",2020-10-06,35.9,20.4,27.9,37.4,20.4,28.5,17.6,55.9,0,0,0,,0,0,27.4,14.7,264.6,1007.3,0,3.2,241,20.7,8,,2020-10-06T06:16:49,2020-10-06T18:01:09,0.65,Clear,Clear conditions throughout the day.,clear-day,"42182099999,42176099999,VIDP,42139099999,42181099999,VIDD"
"delhi, India",2020-10-07,35.8,20.5,28.1,38.8,20.5,28.6,17.6,56.7,0,0,0,,0,0,23,16.6,298.3,1009.2,1.3,3.5,238.4,20.5,8,,2020-10-07T06:17:22,2020-10-07T18:00:01,0.68,Clear,Clear conditions throughout the day.,clear-day,"42182099999,42176099999,VIDP,42139099999,42181099999,VIDD"
"delhi, India",2020-10-08,35.8,21.1,28,37.7,21.1,28.8,18.6,59.5,0,0,0,,0,0,23.4,10.3,279.6,1009.6,0,2.8,236.5,20.4,8,,2020-10-08T06:17:56,2020-10-08T17:58:54,0.71,Clear,Clear conditions throughout the day.,clear-day,"42182099999,42176099999,VIDP,42139099999,42181099999,VIDD"
"delhi, India",2020-10-09,34.8,20.8,27.7,38.8,20.8,28.6,18.3,59,0,0,0,,0,0,18.4,7.6,295.4,1009.7,0.3,2.9,233.2,20.1,8,,2020-10-09T06:18:29,2020-10-09T17:57:47,0.75,Clear,Clear conditions throughout the day.,clear-day,"42182099999,42176099999,VIDP,42139099999,42181099999,VIDD"
"delhi, India",2020-10-10,34.6,21,28,36.4,21,29,18.7,58.9,0,0,0,,0,0,25.2,13,264.4,1008.4,0.3,2.8,227.9,19.7,8,,2020-10-10T06:19:04,2020-10-10T17:56:41,0.75,Clear,Clear conditions throughout the day.,clear-day,"42182099999,42176099999,VIDP,42139099999,42181099999,VIDD"
"delhi, India",2020-10-11,34.9,21.7,27.6,35.8,21.7,28,17.9,58.2,0,0,0,,0,0,27.4,14.7,272.5,1006.5,14.8,3.3,229,19.8,8,,2020-10-11T06:19:38,2020-10-11T17:55:35,0.81,Clear,Clear conditions throughout the day.,clear-day,"42182099999,42176099999,VIDP,42139099999,42181099999,VIDD"
"delhi, India",2020-10-12,34.8,21.2,27.1,36.1,21.2,27.5,17.8,60,0,0,0,,0,0,16.6,5.4,301.8,1005,2,2.7,225.7,19.5,8,,2020-10-12T06:20:13,2020-10-12T17:54:30,0.85,Clear,Clear conditions throughout the day.,clear-day,"42182099999,42176099999,VIDP,42139099999,42181099999,VIDD"
"delhi, India",2020-10-13,34.8,21.5,27.7,39.7,21.5,29.5,20.5,66.4,0,0,0,,0,0,22.3,7.6,86.5,1005.9,16.3,2.5,213.7,18.3,7,,2020-10-13T06:20:48,2020-10-13T17:53:26,0.88,Clear,Clear conditions throughout the day.,clear-day,"42182099999,42176099999,VIDP,42139099999,42181099999,VIDD"
"delhi, India",2020-10-14,34,24.9,28.9,38.3,24.9,31,21.7,66.6,0,0,0,,0,0,15.5,7.6,27.4,1007.3,43.2,2.1,192.5,16.5,7,,2020-10-14T06:21:23,2020-10-14T17:52:22,0.91,Partially cloudy,Partly cloudy throughout the day.,partly-cloudy-day,"42182099999,42176099999,VIDP,42139099999,42181099999,VIDD"
"delhi, India",2020-10-15,34.6,22,28,34.7,22,28,16.7,53.7,0,0,0,,0,0,22,7.9,324.8,1008,23.5,2.7,216.1,18.7,8,,2020-10-15T06:21:59,2020-10-15T17:51:19,0.95,Partially cloudy,Partly cloudy throughout the day.,partly-cloudy-day,"42182099999,42176099999,VIDP,42139099999,42181099999,VIDD"
"delhi, India",2020-10-16,33.8,19.2,26.5,32.9,19.2,26.1,13.7,48.6,0,0,0,,0,0,19.1,7.6,281.7,1007.9,0,2.7,226.6,19.5,8,,2020-10-16T06:22:35,2020-10-16T17:50:17,0.98,Clear,Clear conditions throughout the day.,clear-day,"42182099999,42176099999,VIDP,42139099999,42181099999,VIDD"
"delhi, India",2020-10-17,34.5,18.9,25.5,34.8,18.9,25.5,15.2,55.8,0,0,0,,0,0,15.1,5.4,327.9,1008.6,4.9,2.7,220,19.2,8,,2020-10-17T06:23:12,2020-10-17T17:49:16,0,Clear,Clear conditions throughout the day.,clear-day,"42182099999,42176099999,VIDP,42139099999,42181099999,VIDD"
"delhi, India",2020-10-18,34.4,18.9,26.1,33.1,18.9,25.8,13.8,50.4,0,0,0,,0,0,25.6,13,266.1,1008.6,2.6,2.6,222.7,19.2,8,,2020-10-18T06:23:49,2020-10-18T17:48:15,0.05,Clear,Clear conditions throughout the day.,clear-day,"42182099999,42176099999,VIDP,42139099999,42181099999,VIDD"
"delhi, India",2020-10-19,33.3,17.5,25.7,33,17.5,25.3,13.7,50.7,0,0,0,,0,0,25.2,16.6,291.6,1008.4,10.2,2.8,220.2,18.9,8,,2020-10-19T06:24:27,2020-10-19T17:47:15,0.08,Clear,Clear conditions throughout the day.,clear-day,"42182099999,42176099999,VIDP,42139099999,42181099999,VIDD,42183099999"
"delhi, India",2020-10-20,33.8,16.4,24.6,33,16.4,24.2,12.5,51.2,0,0,0,,0,0,23.4,8.5,302.5,1007.9,0,2.8,225.4,19.4,8,,2020-10-20T06:25:05,2020-10-20T17:46:16,0.12,Clear,Clear conditions throughout the day.,clear-day,"42182099999,42176099999,VIDP,42139099999,42181099999,VIDD"
"delhi, India",2020-10-21,34.6,16.8,25,33.3,16.8,24.6,13.6,54,0,0,0,,0,0,20.2,7.6,301.3,1009,7,2.9,197.7,17,8,,2020-10-21T06:25:43,2020-10-21T17:45:18,0.15,Clear,Clear conditions throughout the day.,clear-day,"42182099999,42176099999,VIDP,42139099999,42181099999,VIDD"
"delhi, India",2020-10-22,32.8,19.4,25.1,32,19.4,25,14.8,55,0,0,0,,0,0,16.9,5.8,358.5,1007.9,60.1,2.2,192.6,16.6,8,,2020-10-22T06:26:22,2020-10-22T17:44:21,0.18,Partially cloudy,Partly cloudy throughout the day.,partly-cloudy-day,"42182099999,42176099999,VIDP,42139099999,42181099999,VIDD"
"delhi, India",2020-10-23,33.4,16.5,24.5,32.9,16.5,24.4,14.3,57,0,0,0,,0,0,19.1,5.8,339.6,1007.4,37.2,2,213.6,18.3,8,,2020-10-23T06:27:01,2020-10-23T17:43:25,0.25,Partially cloudy,Partly cloudy throughout the day.,partly-cloudy-day,"42182099999,42176099999,VIDP,42139099999,42181099999,VIDD"
"delhi, India",2020-10-24,32.6,16.7,23.9,31.6,16.7,23.7,12.9,53.6,0,0,0,,0,0,24.8,13,262.6,1008.5,3.6,2.1,215.9,18.6,8,,2020-10-24T06:27:41,2020-10-24T17:42:30,0.25,Clear,Clear conditions throughout the day.,clear-day,"42182099999,42176099999,VIDP,42139099999,42181099999,VIDD"
"delhi, India",2020-10-25,32.8,16.1,23.7,34.5,16.1,23.9,15.1,61.4,0,0,0,,0,0,18,7.6,229.4,1010.9,0.1,2.1,213,18.2,8,,2020-10-25T06:28:21,2020-10-25T17:41:36,0.29,Clear,Clear conditions throughout the day.,clear-day,"42182099999,42176099999,VIDP,42139099999,42181099999,VIDD"
"delhi, India",2020-10-26,32.8,17.1,23.9,32.4,17.1,23.8,13.9,56.6,0,0,0,,0,0,17.3,7.7,294.8,1012.3,28,2.1,178.9,15.5,6,,2020-10-26T06:29:02,2020-10-26T17:40:42,0.32,Partially cloudy,Partly cloudy throughout the day.,partly-cloudy-day,"42182099999,42176099999,VIDP,42139099999,42181099999,VIDD"
"delhi, India",2020-10-27,31.1,16.6,23.3,30.3,16.6,23.1,13.2,55.6,0,0,0,,0,0,26.3,15.6,262.7,1012.2,0,2.2,212.8,18.3,8,,2020-10-27T06:29:43,2020-10-27T17:39:50,0.35,Clear,Clear conditions throughout the day.,clear-day,"42182099999,42176099999,VIDP,42139099999,42181099999,VIDD"
"delhi, India",2020-10-28,30.8,14.3,22.2,29.6,14.3,22,12.5,56.9,0,0,0,,0,0,18,7.6,296,1012.9,0,2,211.5,18.2,8,,2020-10-28T06:30:24,2020-10-28T17:38:59,0.39,Clear,Clear conditions throughout the day.,clear-day,"42182099999,42176099999,VIDP,42139099999,42181099999,VIDD"
"delhi, India",2020-10-29,30.7,14.6,21.7,29.5,14.6,21.4,11.8,58.3,0,0,0,,0,0,15.5,5.4,316.4,1013.9,0,1.6,207.3,18,8,,2020-10-29T06:31:06,2020-10-29T17:38:10,0.42,Clear,Clear conditions throughout the day.,clear-day,"42182099999,42176099999,VIDP,42139099999,42181099999"
"delhi, India",2020-10-30,30.7,15,22.3,29.5,15,22,12,57,0,0,0,,0,0,26.6,11.2,297,1013.6,0,1.9,206.7,18,8,,2020-10-30T06:31:48,2020-10-30T17:37:21,0.45,Clear,Clear conditions throughout the day.,clear-day,"42182099999,42176099999,VIDP,42139099999,42181099999"
"delhi, India",2020-10-31,30.8,15.2,22.2,29.7,15.2,22,12.4,57.2,0,0,0,,0,0,29.2,15,261.9,1013.4,0,1.9,206.7,18,8,,2020-10-31T06:32:31,2020-10-31T17:36:33,0.5,Clear,Clear conditions throughout the day.,clear-day,"42182099999,42176099999,VIDP,42139099999,42181099999,VIDD"
"delhi, India",2020-11-01,30,12.4,21.2,28.9,12.4,21.1,10.9,54.2,0,0,0,,0,0,29.2,13.9,260.6,1014.1,0,1.9,207.2,18.1,8,,2020-11-01T06:33:14,2020-11-01T17:35:47,0.52,Clear,Clear conditions throughout the day.,clear-day,"42182099999,42176099999,VIDP,42139099999,42181099999,VIDD"
"delhi, India",2020-11-02,29.4,13.1,20.1,28.4,13.1,19.9,9.6,55.4,0,0,0,,0,0,27,13,274.8,1014.8,0,2.2,206.8,18.1,8,,2020-11-02T06:33:57,2020-11-02T17:35:02,0.56,Clear,Clear conditions throughout the day.,clear-day,"42182099999,42176099999,VIDP,42139099999,42181099999,VIDD"
"delhi, India",2020-11-03,29.7,12.5,20.1,28.5,12.5,19.8,10.9,59.5,0,0,0,,0,0,16.6,13,262.4,1014.3,0,2.3,205.3,17.9,8,,2020-11-03T06:34:41,2020-11-03T17:34:18,0.59,Clear,Clear conditions throughout the day.,clear-day,"42182099999,42176099999,VIDP,42139099999,42181099999"
"delhi, India",2020-11-04,27.5,13.1,19.7,27.1,13.1,19.6,11.1,60.6,0,0,0,,0,0,25.9,9.5,255.5,1012.9,0,1.5,196.4,17,7,,2020-11-04T06:35:26,2020-11-04T17:33:35,0.63,Clear,Clear conditions throughout the day.,clear-day,"42182099999,42176099999,VIDP,42139099999,42181099999,VIDD"
"delhi, India",2020-11-05,30.1,13.6,20.4,29.3,13.6,20.2,10.9,59.6,0,0,0,,0,0,18.7,10.6,265.4,1014.2,4.2,1.3,198.8,17.1,7,,2020-11-05T06:36:10,2020-11-05T17:32:54,0.66,Clear,Clear conditions throughout the day.,clear-day,"42182099999,42176099999,VIDP,42139099999,42181099999"
"delhi, India",2020-11-06,30,13.8,20,29.4,13.8,19.8,11.1,60.6,0,0,0,,0,0,22.3,8.8,271,1017,0,1.5,197.8,17.1,7,,2020-11-06T06:36:56,2020-11-06T17:32:14,0.69,Clear,Clear conditions throughout the day.,clear-day,"42182099999,42176099999,VIDP,42139099999,42181099999"
"delhi, India",2020-11-07,28.4,13.5,20.5,27.8,13.5,20.3,11.4,60,0,0,0,,0,0,28.1,16.6,284.1,1018,0,1.3,197.1,17.1,7,,2020-11-07T06:37:41,2020-11-07T17:31:36,0.73,Clear,Clear conditions throughout the day.,clear-day,"42182099999,42176099999,VIDP,42139099999,42181099999"
"delhi, India",2020-11-08,28.1,13.3,19.6,27.8,13.3,19.5,11.7,64.8,0,0,0,,0,0,18.4,7.6,286.3,1018.5,0,1,196.1,16.9,7,,2020-11-08T06:38:27,2020-11-08T17:30:58,0.75,Clear,Clear conditions throughout the day.,clear-day,"42182099999,42176099999,VIDP,42139099999,42181099999"
"delhi, India",2020-11-09,27.4,12.6,18.8,27.5,12.6,18.8,12.6,71.2,0,0,0,,0,0,22,7.6,281.2,1017,4.8,0.9,193.2,16.8,7,,2020-11-09T06:39:13,2020-11-09T17:30:23,0.8,Clear,Clear conditions throughout the day.,fog,"42182099999,42176099999,VIDP,42139099999,42181099999"
"delhi, India",2020-11-10,28.3,12.8,18.9,28.3,12.8,18.9,13.1,71.9,0,0,0,,0,0,18,9.4,91.4,1015.7,7.5,0.8,189,16.3,7,,2020-11-10T06:39:59,2020-11-10T17:29:48,0.83,Clear,Clear conditions throughout the day.,fog,"42182099999,42176099999,VIDP,42139099999,42181099999"
"delhi, India",2020-11-11,28.5,13.7,19.7,28.6,13.7,19.7,13.2,69,0,0,0,,0,0,20.5,11.2,70.1,1017.6,2.2,1.8,182.7,15.8,7,,2020-11-11T06:40:46,2020-11-11T17:29:15,0.86,Clear,Clear conditions throughout the day.,clear-day,"42182099999,42176099999,VIDP,42139099999,42181099999,remote"
"delhi, India",2020-11-12,28,13.6,20.3,28.1,13.6,20.2,13.2,67.2,0,0,0,,0,0,14,7.6,40.8,1018.9,3.7,2,182.4,15.6,7,,2020-11-12T06:41:33,2020-11-12T17:28:44,0.9,Clear,Clear conditions throughout the day.,clear-day,"42182099999,42176099999,VIDP,42139099999,42181099999"
"delhi, India",2020-11-13,29.3,14,20.2,28.7,14,20.1,13.1,67.9,0,0,0,,0,0,19.1,6.9,243.1,1017.5,0.1,1.8,184,15.9,7,,2020-11-13T06:42:20,2020-11-13T17:28:14,0.93,Clear,Clear conditions throughout the day.,clear-day,"42182099999,42176099999,VIDP,42139099999,42181099999,VIDD"
"delhi, India",2020-11-14,27.8,12.7,19.2,28.3,12.7,19.2,13.7,72.7,0,0,0,,0,0,14.8,5.4,25.2,1015.2,4.7,1.1,183.9,15.9,7,,2020-11-14T06:43:08,2020-11-14T17:27:45,0.97,Clear,Clear conditions throughout the day.,clear-day,"42182099999,42176099999,VIDP,42139099999,42181099999,VIDD"
"delhi, India",2020-11-15,28.7,13.7,20.3,28.5,13.7,20.3,14.1,70.3,0.639,100,4.17,rain,0,0,34.9,14.8,101.5,1014.4,36.2,1.2,156.3,13.7,6,,2020-11-15T06:43:55,2020-11-15T17:27:18,0,"Rain, Partially cloudy",Becoming cloudy in the afternoon with afternoon rain.,rain,"42182099999,42176099999,VIDP,42139099999,42181099999,VIDD"
"delhi, India",2020-11-16,24.8,17.7,20.5,24.8,17.7,20.5,16.8,79.5,0,0,0,,0,0,22,15.1,86.7,1016.3,67.8,2.3,105.3,9,5,,2020-11-16T06:44:43,2020-11-16T17:26:53,0.03,Partially cloudy,Partly cloudy throughout the day.,partly-cloudy-day,"42182099999,42176099999,VIDP,42139099999,42181099999,VIDD"
"delhi, India",2020-11-17,25.5,14,19.4,25.5,14,19.4,13.8,72.4,0,0,0,,0,0,24.5,13,281.7,1014.9,32.2,2.3,160.6,13.9,6,,2020-11-17T06:45:31,2020-11-17T17:26:29,0.07,Partially cloudy,Partly cloudy throughout the day.,partly-cloudy-day,"42182099999,42176099999,VIDP,42139099999,42181099999"
"delhi, India",2020-11-18,24.4,13.2,17.8,24.4,13.2,17.8,11.5,69.1,0,0,0,,0,0,21.2,9.4,283.5,1013.7,9.3,2.1,181,15.7,7,,2020-11-18T06:46:19,2020-11-18T17:26:07,0.1,Clear,Clear conditions throughout the day.,clear-day,"42182099999,42176099999,VIDP,42139099999,42181099999"
"delhi, India",2020-11-19,24.8,11.8,17.3,24.8,11.8,17.3,10,65.5,0,0,0,,0,0,22.3,9.4,287.6,1014.2,4.1,2.2,177.3,15.4,7,,2020-11-19T06:47:07,2020-11-19T17:25:46,0.13,Clear,Clear conditions throughout the day.,clear-day,"42182099999,42176099999,VIDP,42139099999,42181099999"
"delhi, India",2020-11-20,24.6,10.5,17,24.6,10.5,17,9.3,63.7,0,0,0,,0,0,31.3,16.6,289.6,1015.6,0,2.2,181.7,15.8,7,,2020-11-20T06:47:55,2020-11-20T17:25:27,0.17,Clear,Clear conditions throughout the day.,clear-day,"42182099999,42176099999,VIDP,42139099999,42181099999"
"delhi, India",2020-11-21,23.9,9,16.1,23.9,7.9,16,8,63.1,0,0,0,,0,0,39.6,18.4,279.1,1016.1,0,2.1,183.3,15.9,7,,2020-11-21T06:48:44,2020-11-21T17:25:09,0.2,Clear,Clear conditions throughout the day.,clear-day,"42182099999,42176099999,VIDP,42139099999,42181099999"
"delhi, India",2020-11-22,23.7,9.5,15.3,23.7,9.5,15.3,6.8,60.6,0,0,0,,0,0,27.7,14.2,287.7,1016.7,17.9,2.2,180.3,15.6,7,,2020-11-22T06:49:32,2020-11-22T17:24:53,0.25,Clear,Clear conditions throughout the day.,clear-day,"42182099999,42176099999,VIDP,42139099999,42181099999"
"delhi, India",2020-11-23,24.4,8.8,15.7,24.4,8.8,15.7,7.8,63.5,0,0,0,,0,0,14.4,9.4,346.4,1017,24.9,1.9,177.2,15.4,7,,2020-11-23T06:50:20,2020-11-23T17:24:39,0.27,Partially cloudy,Partly cloudy throughout the day.,partly-cloudy-day,"42182099999,42176099999,VIDP,42139099999,42181099999,remote"
"delhi, India",2020-11-24,24.2,9.3,16.3,24.2,9.3,16.3,8.3,62.4,0,0,0,,0,0,14.8,9.4,166.8,1016.5,51.3,1.6,156,13.5,6,,2020-11-24T06:51:08,2020-11-24T17:24:26,0.3,Partially cloudy,Partly cloudy throughout the day.,partly-cloudy-day,"42182099999,42176099999,VIDP,42139099999,42181099999"
"delhi, India",2020-11-25,23,11.3,17.4,23,11.3,17.4,10.2,65.1,0,0,0,,0,0,21.6,11.2,69.7,1016.7,71.1,1.1,104.2,9,4,,2020-11-25T06:51:56,2020-11-25T17:24:15,0.33,Partially cloudy,Partly cloudy throughout the day.,partly-cloudy-day,"42182099999,42176099999,VIDP,42139099999,42181099999"
"delhi, India",2020-11-26,24.7,15,19.2,24.7,15,19.2,12,65.3,0,0,0,,0,0,23,11.2,333.2,1018.9,55.3,2.3,146.2,12.6,6,,2020-11-26T06:52:44,2020-11-26T17:24:05,0.36,Partially cloudy,Partly cloudy throughout the day.,partly-cloudy-day,"42182099999,42176099999,VIDP,42139099999,42181099999,VIDD"
"delhi, India",2020-11-27,25.8,12,17.7,25.8,12,17.7,10.7,67,0,0,0,,0,0,29.2,14.4,269.7,1020.6,0,2.8,173.6,15.1,7,,2020-11-27T06:53:32,2020-11-27T17:23:58,0.4,Clear,Clear conditions throughout the day.,clear-day,"42182099999,42176099999,VIDP,42139099999,42181099999,VIDD,remote"
"delhi, India",2020-11-28,25.5,11.9,17.4,25.5,11.9,17.4,9.8,64.6,0,0,0,,0,0,27.4,16.6,273.5,1019.7,0,2.5,174.5,15.3,7,,2020-11-28T06:54:19,2020-11-28T17:23:52,0.43,Clear,Clear conditions throughout the day.,clear-day,"42182099999,42176099999,VIDP,42139099999,42181099999"
"delhi, India",2020-11-29,25,9.4,16.3,25,9.4,16.3,8.6,63.7,0,0,0,,0,0,19.4,8,285.9,1018.3,5.9,2.6,174.6,15.1,7,,2020-11-29T06:55:06,2020-11-29T17:23:47,0.46,Clear,Clear conditions throughout the day.,clear-day,"42182099999,42176099999,VIDP,42139099999,42181099999"
"delhi, India",2020-11-30,25.1,9,15.8,25.1,9,15.8,8.9,66.8,0,0,0,,0,0,20.2,10.1,277.7,1017.3,3.8,2,170.1,14.6,7,,2020-11-30T06:55:53,2020-11-30T17:23:44,0.5,Clear,Clear conditions throughout the day.,clear-day,"42182099999,42176099999,VIDP,42139099999,42181099999"
"delhi, India",2020-12-01,26.2,10.1,17,26.2,10.1,17,10.4,69,0,0,0,,0,0,17.6,8,273.5,1017.4,0,1.5,167.7,14.5,6,,2020-12-01T06:56:40,2020-12-01T17:23:43,0.53,Clear,Clear conditions throughout the day.,clear-day,"42182099999,42176099999,VIDP,42139099999,42181099999,VIDD"
"delhi, India",2020-12-02,26.2,10.6,17.5,26.2,10.6,17.5,10.1,65.8,0,0,0,,0,0,28.8,14.8,277.3,1015.5,0,1.8,169.2,14.6,6,,2020-12-02T06:57:26,2020-12-02T17:23:44,0.57,Clear,Clear conditions throughout the day.,clear-day,"42182099999,42176099999,VIDP,42139099999,42181099999,remote"
"delhi, India",2020-12-03,26.5,10,17.1,26.5,10,17.1,10.5,68.9,0,0,0,,0,0,16.9,9.4,257.2,1014.4,0,1.7,166.9,14.4,6,,2020-12-03T06:58:11,2020-12-03T17:23:46,0.6,Clear,Clear conditions throughout the day.,clear-day,"42182099999,42176099999,VIDP,42139099999,42181099999"
"delhi, India",2020-12-04,27.2,10.5,17.4,27.3,10.5,17.4,10.8,69.3,0,0,0,,0,0,16.2,9.4,119.6,1013,6.9,1.5,164.5,14.2,6,,2020-12-04T06:58:57,2020-12-04T17:23:49,0.64,Clear,Clear conditions throughout the day.,clear-day,"42182099999,42176099999,VIDP,42139099999,42181099999"
"delhi, India",2020-12-05,26.7,12.9,18.6,27.2,12.9,18.6,12.9,71.9,0,0,0,,0,0,27.4,16.6,103.3,1013,0,1.3,162.6,14,6,,2020-12-05T06:59:41,2020-12-05T17:23:55,0.67,Clear,Clear conditions throughout the day.,clear-day,"42182099999,42176099999,VIDP,42139099999,42181099999"
"delhi, India",2020-12-06,27.2,13.6,19.4,27.4,13.6,19.4,13.6,72.7,0,0,0,,0,0,19.8,9.4,141.8,1015.4,2.7,1.4,161.8,14.2,6,,2020-12-06T07:00:26,2020-12-06T17:24:02,0.71,Clear,Clear conditions throughout the day.,clear-day,"42182099999,42176099999,VIDP,42139099999,42181099999"
"delhi, India",2020-12-07,25.6,13,17.6,25.6,13,17.6,14.6,84.4,0,0,0,,0,0,27,11.2,262.3,1017.1,25,0.8,161.6,13.9,6,,2020-12-07T07:01:09,2020-12-07T17:24:10,0.74,Partially cloudy,Clearing in the afternoon.,fog,"42182099999,42176099999,VIDP,42139099999,42181099999"
"delhi, India",2020-12-08,26.7,11.9,17.9,26.7,11.9,17.9,12.4,74,0,0,0,,0,0,18.4,9.4,324.9,1017.2,0.8,1.3,161.1,14,6,,2020-12-08T07:01:52,2020-12-08T17:24:21,0.75,Clear,Clear conditions throughout the day.,clear-day,"42182099999,42176099999,VIDP,42139099999,42181099999,VIDD"
"delhi, India",2020-12-09,27.9,11.9,18.4,27.5,11.9,18.4,12.3,71.3,0,0,0,,0,0,18.4,9.4,289,1015.4,1.6,1.9,160.2,14,6,,2020-12-09T07:02:34,2020-12-09T17:24:32,0.81,Clear,Clear conditions throughout the day.,clear-day,"42182099999,42176099999,VIDP,42139099999,42181099999"
"delhi, India",2020-12-10,27.1,12.7,19,27.1,12.7,19,12.6,69.9,0,0,0,,0,0,19.8,7.6,276.4,1015,2,1.9,156.1,13.4,6,,2020-12-10T07:03:16,2020-12-10T17:24:46,0.85,Clear,Clear conditions throughout the day.,clear-day,"42182099999,42176099999,VIDP,42139099999,42181099999"
"delhi, India",2020-12-11,24.2,12.9,18.3,24.2,12.9,18.3,13.6,76.2,0,0,0,,0,0,16.2,13,154.6,1014.9,43.3,1.7,142.1,12.2,6,,2020-12-11T07:03:56,2020-12-11T17:25:01,0.88,Partially cloudy,Partly cloudy throughout the day.,partly-cloudy-day,"42182099999,42176099999,VIDP,42139099999,42181099999,remote"
"delhi, India",2020-12-12,21.4,13.8,17.2,21.4,13.8,17.2,15.2,88.6,0,0,0,,0,0,24.1,11.2,265.6,1015.2,71.5,1.1,105.1,8.9,4,,2020-12-12T07:04:36,2020-12-12T17:25:17,0.92,Partially cloudy,Partly cloudy throughout the day.,partly-cloudy-day,"42182099999,42176099999,VIDP,42139099999,42181099999"
"delhi, India",2020-12-13,19.7,11.3,14.5,19.7,11.3,14.5,12.2,87,0,0,0,,0,0,30.6,14.8,295.8,1015.9,25.7,1.6,162.7,13.9,6,,2020-12-13T07:05:15,2020-12-13T17:25:35,0.95,Partially cloudy,Clearing in the afternoon.,partly-cloudy-day,"42182099999,42176099999,VIDP,42139099999,42181099999"
"delhi, India",2020-12-14,17,9.5,13.1,17,8.4,13,9.4,79.9,0,0,0,,0,0,30.6,13,304.6,1017.1,4,2.3,167.8,14.6,6,,2020-12-14T07:05:54,2020-12-14T17:25:55,0,Clear,Clear conditions throughout the day.,clear-day,"42182099999,42176099999,VIDP,42139099999,42181099999"
"delhi, India",2020-12-15,17.8,6.2,11.9,17.8,5.6,11.7,8.5,81.5,0,0,0,,0,0,23,11.2,304.7,1019.1,1.4,1.6,168.8,14.6,7,,2020-12-15T07:06:31,2020-12-15T17:26:16,0.02,Clear,Clear conditions throughout the day.,clear-day,"42182099999,42176099999,VIDP,42139099999,42181099999"
"delhi, India",2020-12-16,17.4,7,11.1,17.4,6.2,10.7,8.3,84.7,0,0,0,,0,0,31,13,277.2,1021,12.6,1.3,167.9,14.4,6,,2020-12-16T07:07:07,2020-12-16T17:26:38,0.05,Clear,Clear conditions throughout the day.,clear-day,"42182099999,42176099999,VIDP,42139099999,42181099999"
"delhi, India",2020-12-17,14.4,5,9.1,14.4,1.8,7.8,6.8,86.9,0,0,0,,0,0,33.8,18.4,276.5,1020.3,16.6,1.6,168.8,14.5,7,,2020-12-17T07:07:42,2020-12-17T17:27:02,0.08,Clear,Clear conditions throughout the day.,clear-day,"42182099999,42176099999,VIDP,42139099999,42181099999,VIDD"
"delhi, India",2020-12-18,19.5,5,11.1,19.5,2.8,10.4,4,66.2,0,0,0,,0,0,34.6,18.4,265.5,1018.5,0,2.4,167.4,14.4,6,,2020-12-18T07:08:16,2020-12-18T17:27:27,0.12,Clear,Clear conditions throughout the day.,clear-day,"42182099999,42176099999,VIDP,42139099999,42181099999,VIDD"
"delhi, India",2020-12-19,21.6,6,12.2,21.6,4.4,11.8,5.3,65.7,0,0,0,,0,0,32,16.6,265.3,1019.1,1.7,2.2,167.4,14.4,6,,2020-12-19T07:08:49,2020-12-19T17:27:53,0.15,Clear,Clear conditions throughout the day.,clear-day,"42182099999,42176099999,VIDP,42139099999,42181099999,VIDD"
"delhi, India",2020-12-20,22,5.7,12.8,22,5.7,12.7,5.9,66.6,0,0,0,,0,0,29.5,14.8,277.2,1019.5,29.6,1.7,163.1,14,6,,2020-12-20T07:09:21,2020-12-20T17:28:21,0.18,Partially cloudy,Partly cloudy throughout the day.,partly-cloudy-day,"42182099999,42176099999,VIDP,42139099999,42181099999"
"delhi, India",2020-12-21,22.2,7.7,13.7,22.2,7.7,13.6,7.9,71.3,0,0,0,,0,0,23.8,11.7,273.5,1017.4,37,1.6,144.1,12.3,6,,2020-12-21T07:09:52,2020-12-21T17:28:51,0.21,Partially cloudy,Partly cloudy throughout the day.,partly-cloudy-day,"42182099999,42176099999,VIDP,42139099999,42181099999"
"delhi, India",2020-12-22,22.8,7.7,13.4,22.8,7.7,13.4,7.8,73.3,0,0,0,,0,0,20.5,11.4,289.5,1016.2,30.4,1.2,162.1,14,6,,2020-12-22T07:10:22,2020-12-22T17:29:21,0.25,Partially cloudy,Partly cloudy throughout the day.,partly-cloudy-day,"42182099999,42176099999,VIDP,42139099999,42181099999,VIDD"
"delhi, India",2020-12-23,22.5,6.3,13.3,22.5,6.3,13.3,8.6,76.5,0,0,0,,0,0,18.4,9.4,275.3,1015.4,9.5,1.1,166.3,14.4,6,,2020-12-23T07:10:50,2020-12-23T17:29:53,0.28,Clear,Clear conditions throughout the day.,clear-day,"42182099999,42176099999,VIDP,42139099999,42181099999,VIDD"
"delhi, India",2020-12-24,22.5,6.7,13.4,22.5,6.7,13.4,8.9,77.5,0,0,0,,0,0,22.3,8,274.6,1015.9,4.2,0.9,166.9,14.5,6,,2020-12-24T07:11:17,2020-12-24T17:30:26,0.31,Clear,Clear conditions throughout the day.,fog,"42182099999,42176099999,VIDP,42139099999,42181099999,VIDD"
"delhi, India",2020-12-25,21.5,6.9,13.2,21.5,6.9,13.1,8.1,75.4,0,0,0,,0,0,26.6,14.8,298,1017,2.6,1.5,167.4,14.5,6,,2020-12-25T07:11:43,2020-12-25T17:31:00,0.34,Clear,Clear conditions throughout the day.,clear-day,"42182099999,42176099999,VIDP,42139099999,42181099999,remote"
"delhi, India",2020-12-26,21.4,7,12.8,21.4,7,12.7,7.3,72.2,0,0,0,,0,0,27.4,11.2,274.9,1016.1,10.9,1.5,166.7,14.4,6,,2020-12-26T07:12:07,2020-12-26T17:31:35,0.37,Clear,Clear conditions throughout the day.,clear-day,"42182099999,42176099999,VIDP,42139099999,42181099999,VIDD"
"delhi, India",2020-12-27,21,7.9,14.4,21,7.9,14.4,8.9,72.5,0,0,0,,0,0,40.7,20.5,136.3,1013.8,36.7,1.2,164.5,14.3,6,,2020-12-27T07:12:31,2020-12-27T17:32:11,0.41,Partially cloudy,Partly cloudy throughout the day.,partly-cloudy-day,"42182099999,42176099999,VIDP,42139099999,42181099999"
"delhi, India",2020-12-28,19,7.6,13.1,19,7.6,13.1,5,60.7,0,0,0,,0,0,31,14.7,308.9,1016.6,13.9,2.2,170.3,14.6,7,,2020-12-28T07:12:52,2020-12-28T17:32:49,0.44,Clear,Clear conditions throughout the day.,clear-day,"42182099999,42176099999,VIDP,42139099999,42181099999"
"delhi, India",2020-12-29,17.5,5.8,10.5,17.5,5.1,10.1,5.6,73.9,0,0,0,,0,0,32.8,14.8,282.5,1017.7,0,2,169.6,14.5,6,,2020-12-29T07:13:13,2020-12-29T17:33:27,0.47,Clear,Clear conditions throughout the day.,clear-day,"42182099999,42176099999,VIDP,42139099999,42181099999"
"delhi, India",2020-12-30,15.6,5,9.8,15.6,2.4,9.1,7,83.8,0,0,0,,0,0,27,11.2,283.3,1019.3,23.6,1.3,168.9,14.5,7,,2020-12-30T07:13:31,2020-12-30T17:34:07,0.5,Partially cloudy,Clearing in the afternoon.,partly-cloudy-day,"42182099999,42176099999,VIDP,42139099999,42181099999,VIDD"
"delhi, India",2020-12-31,16.4,6,9.3,16.4,4.4,9,7.5,89.4,0,0,0,,0,0,21.6,9.4,257.9,1018.5,56.3,0.6,164.6,14.3,6,,2020-12-31T07:13:49,2020-12-31T17:34:47,0.54,Partially cloudy,Partly cloudy throughout the day.,fog,"42182099999,42176099999,VIDP,42139099999,42181099999,VIDD"
"delhi, India",2021-01-01,18.1,3.7,10.2,18.1,3.7,10.2,6.2,79.2,0,0,0,,0,0,18.4,11.2,89,1017.9,15.2,0.7,161.3,13.9,6,,2021-01-01T07:14:05,2021-01-01T17:35:28,0.58,Clear,Clear conditions throughout the day.,fog,"42182099999,42176099999,VIDP,42139099999,42181099999"
"delhi, India",2021-01-02,19,7.8,13.4,19,7.8,13.4,9.3,77.8,0.911,100,8.33,rain,0,0,19.8,16.6,92.9,1016.1,71.9,1.2,97.2,8.2,5,,2021-01-02T07:14:19,2021-01-02T17:36:10,0.61,"Rain, Partially cloudy",Partly cloudy throughout the day with morning rain.,rain,"42182099999,42176099999,VIDP,42139099999,42181099999"
"delhi, India",2021-01-03,17,11.1,13.9,17,11.1,13.9,12.2,90.1,36.462,100,12.5,rain,0,0,36,16.6,83.2,1014.6,80.2,1.1,122.1,10.7,5,,2021-01-03T07:14:32,2021-01-03T17:36:53,0.65,"Rain, Partially cloudy",Partly cloudy throughout the day with rain in the morning and afternoon.,rain,"42182099999,42176099999,VIDP,42139099999,42181099999,VIDD"
"delhi, India",2021-01-04,21.6,12.2,16.2,21.6,12.2,16.2,15.2,94.2,5.598,100,12.5,rain,0,0,27,18.4,350,1016.1,70.8,0.8,124.5,10.9,6,,2021-01-04T07:14:44,2021-01-04T17:37:37,0.68,"Rain, Partially cloudy",Partly cloudy throughout the day with rain.,rain,"42182099999,42176099999,VIDP,42139099999,42181099999,VIDD"
"delhi, India",2021-01-05,20.6,14.5,17.1,20.6,14.5,17.1,16,93.8,1.28,100,8.33,rain,0,0,34.9,14.8,52.2,1015.5,85.6,1.7,112.9,9.6,5,,2021-01-05T07:14:53,2021-01-05T17:38:21,0.72,"Rain, Partially cloudy",Partly cloudy throughout the day with morning rain.,rain,"42182099999,42176099999,VIDP,42139099999,42181099999,VIDD"
"delhi, India",2021-01-06,20.3,15,16.5,20.3,15,16.5,15.7,95.2,57.552,100,12.5,rain,0,0,21.6,12.6,280.6,1015,57.4,1,125.4,10.7,5,,2021-01-06T07:15:02,2021-01-06T17:39:06,0.75,"Rain, Partially cloudy",Partly cloudy throughout the day with rain clearing later.,rain,"42182099999,42176099999,VIDP,42139099999,42181099999,VIDD"
"delhi, India",2021-01-07,19.4,12.5,16.3,19.4,12.5,16.3,14.7,90.6,0,0,0,,0,0,23,11.2,294.4,1015,44.9,1,126.9,11,5,,2021-01-07T07:15:08,2021-01-07T17:39:52,0.79,Partially cloudy,Partly cloudy throughout the day.,partly-cloudy-day,"42182099999,42176099999,VIDP,42139099999,42181099999"
"delhi, India",2021-01-08,16.3,11.4,13.5,16.3,11.4,13.5,12.3,92.2,0,0,0,,0,0,22,9.3,295.8,1014.7,74.9,1.1,130.8,11.4,5,,2021-01-08T07:15:14,2021-01-08T17:40:38,0.82,Partially cloudy,Partly cloudy throughout the day.,partly-cloudy-day,"42182099999,42176099999,VIDP,42139099999,42181099999"
"delhi, India",2021-01-09,19.4,11,14.6,19.4,11,14.6,13,90.5,0,0,0,,0,0,32.4,11.2,279.7,1015.4,67.2,1.1,148.1,12.9,5,,2021-01-09T07:15:17,2021-01-09T17:41:25,0.86,Partially cloudy,Partly cloudy throughout the day.,partly-cloudy-day,"42182099999,42176099999,VIDP,42139099999,42181099999"
"delhi, India",2021-01-10,15.2,9,11.4,15.2,6.7,10.7,9.1,86.8,0,0,0,,0,0,30.2,16.6,279.8,1016.1,31.3,1.4,179.1,15.4,7,,2021-01-10T07:15:19,2021-01-10T17:42:13,0.9,Partially cloudy,Partly cloudy throughout the day.,partly-cloudy-day,"42182099999,42176099999,VIDP,42139099999,42181099999,VIDD"
"delhi, India",2021-01-11,16.6,7,11.2,16.6,5.2,10.6,8.8,86.2,0,0,0,,0,0,36.4,16.6,283.5,1016.6,23.4,1.4,178,15.2,7,,2021-01-11T07:15:19,2021-01-11T17:43:00,0.93,Partially cloudy,Partly cloudy throughout the day.,partly-cloudy-day,"42182099999,42176099999,VIDP,42139099999,42181099999,VIDD,remote"
"delhi, India",2021-01-12,16,6.2,10.5,16,6.1,10.4,8,85.5,0,0,0,,0,0,33.8,16.2,290.1,1017,6.8,1.1,178.2,15.5,7,,2021-01-12T07:15:18,2021-01-12T17:43:49,0.97,Clear,Clear conditions throughout the day.,clear-day,"42182099999,42176099999,VIDP,42139099999,42181099999,VIDD,remote"
"delhi, India",2021-01-13,16.1,4.9,10,16.1,4.9,9.5,7.2,84.4,0,0,0,,0,0,29.5,11.9,282.6,1016.1,2.1,1,180.8,15.6,7,,2021-01-13T07:15:15,2021-01-13T17:44:37,0,Clear,Clear conditions throughout the day.,clear-day,"42182099999,42176099999,VIDP,42139099999,42181099999,VIDD,remote"
"delhi, India",2021-01-14,19,4.5,11.2,19,4.5,11.2,8.2,84.1,0,0,0,,0,0,15.5,7.6,292.2,1015.9,28.6,0.7,169.5,14.5,7,,2021-01-14T07:15:11,2021-01-14T17:45:26,0.03,Partially cloudy,Partly cloudy throughout the day.,fog,"42182099999,42176099999,VIDP,42139099999,42181099999,VIDD"
"delhi, India",2021-01-15,21,7.8,13.1,21,7.8,13.1,10.3,85.6,0,0,0,,0,0,15.1,7.6,63.8,1014.4,32.4,0.7,174.7,15.1,7,,2021-01-15T07:15:05,2021-01-15T17:46:16,0.07,Partially cloudy,Partly cloudy throughout the day.,fog,"42182099999,42176099999,VIDP,42139099999,42181099999,VIDD,remote"
"delhi, India",2021-01-16,16.9,8,11.1,16.9,6.8,10.9,9.2,89.4,0,0,0,,0,0,24.1,10.8,266.4,1013.2,50,0.5,157.5,13.6,7,,2021-01-16T07:14:57,2021-01-16T17:47:05,0.1,Partially cloudy,Clearing in the afternoon.,fog,"42182099999,42176099999,VIDP,42139099999,42181099999,remote"
"delhi, India",2021-01-17,14.1,6,10.3,14.1,4.4,9.9,8.7,90.6,0,0,0,,0,0,28.4,20.5,93.4,1015.5,33.7,0.6,157.2,13.6,7,,2021-01-17T07:14:48,2021-01-17T17:47:55,0.13,Partially cloudy,Clearing in the afternoon.,fog,"42182099999,42176099999,VIDP,42139099999,42181099999"
"delhi, India",2021-01-18,19.2,10,14.1,19.2,10,14.1,11.8,86.9,0.1,100,4.17,rain,0,0,26.3,13,91.1,1016.2,76.8,1,106.3,9.3,4,,2021-01-18T07:14:37,2021-01-18T17:48:45,0.16,"Rain, Partially cloudy",Partly cloudy throughout the day with afternoon rain.,rain,"42182099999,42176099999,VIDP,42139099999,42181099999,VIDD,remote"
"delhi, India",2021-01-19,19.7,8.9,12.9,19.7,8.9,12.9,10.9,88.5,0,0,0,,0,0,25.6,14.8,271.9,1014.2,32.8,0.6,172.8,15,7,,2021-01-19T07:14:24,2021-01-19T17:49:35,0.19,Partially cloudy,Partly cloudy throughout the day.,fog,"42182099999,42176099999,VIDP,42139099999,42181099999,VIDD,remote"
"delhi, India",2021-01-20,19.3,9,13.3,19.3,6.7,13,10.4,83.9,0,0,0,,0,0,37.1,19.4,272.5,1014.5,22,0.8,183.9,15.9,7,,2021-01-20T07:14:10,2021-01-20T17:50:26,0.23,Partially cloudy,Clearing in the afternoon.,fog,"42182099999,42176099999,VIDP,42139099999,42181099999,VIDD,remote"
"delhi, India",2021-01-21,23,9.8,14.2,23,8.9,14.1,9.2,75.4,0,0,0,,0,0,39.2,20.5,269.2,1013.5,3.3,1.6,188.8,16.3,7,,2021-01-21T07:13:54,2021-01-21T17:51:16,0.25,Clear,Clear conditions throughout the day.,clear-day,"42182099999,42176099999,VIDP,42139099999,42181099999,VIDD,remote"
"delhi, India",2021-01-22,17.8,5.8,11.6,17.8,4.2,11.2,9.4,87.4,0,0,0,,0,0,20.5,11.5,85.9,1014.8,14.6,1,187.7,16.3,7,,2021-01-22T07:13:37,2021-01-22T17:52:07,0.29,Clear,Clear conditions throughout the day.,clear-day,"42182099999,42176099999,VIDP,42139099999,42181099999,VIDD,remote"
"delhi, India",2021-01-23,19.6,9,13.2,19.6,7,12.9,10.3,84.1,0,0,0,,0,0,32.8,16.6,106.6,1013,37.5,0.9,181.3,15.6,7,,2021-01-23T07:13:18,2021-01-23T17:52:57,0.32,Partially cloudy,Clearing in the afternoon.,fog,"42182099999,42176099999,VIDP,42139099999,42181099999,VIDD"
"delhi, India",2021-01-24,15,9.4,12.3,15,8.3,12.2,11.1,92.7,0,0,0,,0,0,22.3,14.8,283.8,1016.1,47.7,0.7,171.1,14.8,6,,2021-01-24T07:12:58,2021-01-24T17:53:47,0.35,Partially cloudy,Clearing in the afternoon.,fog,"42182099999,42176099999,VIDP,42139099999,42181099999,VIDD"
"delhi, India",2021-01-25,17,8.7,12,17,7.6,11.6,10.1,88.7,0,0,0,,0,0,25.6,13,299,1018.1,9.8,1.2,179.1,15.4,7,,2021-01-25T07:12:36,2021-01-25T17:54:38,0.39,Clear,Clear conditions throughout the day.,clear-day,"42182099999,42176099999,VIDP,42139099999,42181099999"
"delhi, India",2021-01-26,19.6,6.6,12.6,19.6,6.6,12.6,8,77,0,0,0,,0,0,23,13.7,279.2,1017.6,0.1,1.5,192.2,16.5,7,,2021-01-26T07:12:12,2021-01-26T17:55:28,0.42,Clear,Clear conditions throughout the day.,clear-day,"42182099999,42176099999,VIDP,42139099999,42181099999"
"delhi, India",2021-01-27,20.5,7.3,12.9,20.5,6.7,12.7,8,76.2,0,0,0,,0,0,26.6,14.8,276.5,1017.2,0,1.9,195.7,16.8,7,,2021-01-27T07:11:47,2021-01-27T17:56:18,0.45,Clear,Clear conditions throughout the day.,clear-day,"42182099999,42176099999,VIDP,42139099999,42181099999,VIDD"
"delhi, India",2021-01-28,19,6.1,12.4,19,6.1,12.3,7.4,75.4,0,0,0,,0,0,20.2,9.4,315.6,1018.1,0.3,1.5,197,16.9,7,,2021-01-28T07:11:21,2021-01-28T17:57:08,0.48,Clear,Clear conditions throughout the day.,clear-day,"42182099999,42176099999,VIDP,42139099999,42181099999"
"delhi, India",2021-01-29,19.9,6.1,12.3,19.9,6.1,12.3,8,77.2,0,0,0,,0,0,29.9,18.4,278.5,1018.5,0,1.4,197.5,17,7,,2021-01-29T07:10:53,2021-01-29T17:57:58,0.5,Clear,Clear conditions throughout the day.,clear-day,"42182099999,42176099999,VIDP,42139099999,42181099999"
"delhi, India",2021-01-30,20.8,6,12.5,20.8,5.1,12.2,7,72.7,0,0,0,,0,0,31,17.8,270.8,1016.8,11.3,2,200.7,17.3,7,,2021-01-30T07:10:24,2021-01-30T17:58:48,0.55,Clear,Clear conditions throughout the day.,clear-day,"42182099999,42176099999,VIDP,42139099999,42181099999,VIDD"
"delhi, India",2021-01-31,22.8,5.5,13.2,22.8,5.5,13.2,6.3,67.7,0,0,0,,0,0,19.4,9.4,247.5,1017.3,0,2.1,200,17.2,7,,2021-01-31T07:09:53,2021-01-31T17:59:38,0.59,Clear,Clear conditions throughout the day.,clear-day,"42182099999,42176099999,VIDP,42139099999,42181099999,VIDD"
"delhi, India",2021-02-01,25.6,7.8,16.4,25.6,7.8,16.4,7.7,62.6,0,0,0,,0,0,20.9,11.3,268.3,1018.9,5.7,2,199,17,7,,2021-02-01T07:09:20,2021-02-01T18:00:27,0.62,Clear,Clear conditions throughout the day.,clear-day,"42182099999,42176099999,VIDP,42139099999,42181099999"
"delhi, India",2021-02-02,26,9,17.1,26,9,17.1,10.4,70.9,0,0,0,,0,0,18,9.4,195.8,1017.3,0,1.4,200,17.2,7,,2021-02-02T07:08:47,2021-02-02T18:01:16,0.66,Clear,Clear conditions throughout the day.,clear-day,"42182099999,42176099999,VIDP,42139099999,42181099999,VIDD"
"delhi, India",2021-02-03,25.5,12,18.2,25.5,12,18.2,13.3,76,0,0,0,,0,0,32,14.8,105.6,1015.6,30.3,1.6,194.1,16.6,7,,2021-02-03T07:08:12,2021-02-03T18:02:05,0.7,Partially cloudy,Becoming cloudy in the afternoon.,partly-cloudy-day,"42182099999,42176099999,VIDP,42139099999,42181099999,VIDD"
"delhi, India",2021-02-04,21.9,12.3,16.5,21.9,12.3,16.5,14.3,87.6,1.077,100,16.67,rain,0,0,37.1,15.7,33.1,1016.2,64.4,1.5,164,14.1,7,,2021-02-04T07:07:35,2021-02-04T18:02:53,0.75,"Rain, Partially cloudy",Partly cloudy throughout the day with a chance of rain throughout the day.,rain,"42182099999,42176099999,VIDP,42139099999,42181099999"
"delhi, India",2021-02-05,21,9,14.3,21,9,14.3,10.6,80.6,0,0,0,,0,0,19.8,11.2,287.5,1017.8,5.9,1.6,188.5,16.2,7,,2021-02-05T07:06:57,2021-02-05T18:03:41,0.77,Clear,Clear conditions throughout the day.,clear-day,"42182099999,42176099999,VIDP,42139099999,42181099999"
"delhi, India",2021-02-06,22,9.4,15,22,9.1,15,11.2,80.2,0,0,0,,0,0,33.5,18.4,289,1018.1,4.2,1.9,205.2,17.9,7,,2021-02-06T07:06:18,2021-02-06T18:04:29,0.8,Clear,Clear conditions throughout the day.,clear-day,"42182099999,42176099999,VIDP,42139099999,42181099999"
"delhi, India",2021-02-07,22.8,9,15.1,22.8,8.5,15,11.6,81.8,0,0,0,,0,0,36,18.4,283.4,1017.8,1.3,1.7,207.1,17.9,8,,2021-02-07T07:05:38,2021-02-07T18:05:17,0.84,Clear,Clear conditions throughout the day.,clear-day,"42182099999,42176099999,VIDP,42139099999,42181099999,VIDD"
"delhi, India",2021-02-08,23.7,9.8,15.6,23.7,9.1,15.6,11.4,78.7,0,0,0,,0,0,26.3,13,291.7,1017.8,3.8,1.6,207.9,18,8,,2021-02-08T07:04:56,2021-02-08T18:06:04,0.87,Clear,Clear conditions throughout the day.,clear-day,"42182099999,42176099999,VIDP,42139099999,42181099999"
"delhi, India",2021-02-09,25,10,16.4,25,10,16.4,11.2,75.8,0,0,0,,0,0,27,9.4,244.9,1014.8,36.4,1.6,207.2,17.8,8,,2021-02-09T07:04:13,2021-02-09T18:06:51,0.91,Partially cloudy,Partly cloudy throughout the day.,partly-cloudy-day,"42182099999,42176099999,VIDP,42139099999,42181099999"
"delhi, India",2021-02-10,28.3,11.9,18.4,27.9,11.9,18.4,12.5,72.1,0,0,0,,0,0,15.1,13,234.5,1012.7,13.7,1.9,209.8,18,8,,2021-02-10T07:03:29,2021-02-10T18:07:37,0.95,Clear,Clear conditions throughout the day.,clear-day,"42182099999,42176099999,VIDP,42139099999,42181099999,VIDD"
"delhi, India",2021-02-11,24,11,16.9,24,11,16.9,13.2,80.7,0,0,0,,0,0,20.5,16.6,283.7,1013.9,24.3,1.3,212.5,18.3,8,,2021-02-11T07:02:44,2021-02-11T18:08:23,0.98,Partially cloudy,Partly cloudy throughout the day.,partly-cloudy-day,"42182099999,VIDP,42181099999,VIDD"
"delhi, India",2021-02-12,26.3,12,18.1,26.3,12,18.1,14,79,0,0,0,,0,0,15.5,11.2,282.5,1015.1,54.4,0.8,178.9,15.5,6,,2021-02-12T07:01:57,2021-02-12T18:09:09,0,Partially cloudy,Partly cloudy throughout the day.,fog,"42182099999,VIDP,VIDD"
"delhi, India",2021-02-13,26.6,14,18.4,26.6,14,18.4,14.1,79.1,0,0,0,,0,0,16.2,8.6,287.4,1015.4,61.2,1.3,210.2,18.2,8,,2021-02-13T07:01:10,2021-02-13T18:09:54,0.05,Partially cloudy,Clearing in the afternoon.,partly-cloudy-day,"42182099999,42176099999,VIDP,42139099999,42181099999,VIDD"
"delhi, India",2021-02-14,27.8,11.2,18.7,27.8,11.2,18.7,13.4,74.4,0,0,0,,0,0,18,6.1,231.9,1014.5,12.6,1.6,213.2,18.5,8,,2021-02-14T07:00:21,2021-02-14T18:10:39,0.08,Clear,Clear conditions throughout the day.,clear-day,"42182099999,42176099999,VIDP,42139099999,42181099999,VIDD"
"delhi, India",2021-02-15,28.6,11.3,19.8,29,11.3,19.8,14.4,74.4,0,0,0,,0,0,17.6,12.6,195.7,1012.7,8,2.1,204.5,17.6,8,,2021-02-15T06:59:31,2021-02-15T18:11:24,0.11,Clear,Clear conditions throughout the day.,clear-day,"42182099999,42176099999,VIDP,42139099999,42181099999,VIDD"
"delhi, India",2021-02-16,28.8,13.2,20.6,29.1,13.2,20.6,15.4,74.8,0,0,0,,0,0,16.6,7.6,30.8,1012.2,4.3,1.6,216,18.7,8,,2021-02-16T06:58:40,2021-02-16T18:12:08,0.14,Clear,Clear conditions throughout the day.,clear-day,"42182099999,42176099999,VIDP,42139099999,42181099999,VIDD"
"delhi, India",2021-02-17,26.8,12.2,18.9,27,12.2,18.9,13.4,73.8,0,0,0,,0,0,17.6,9,277.2,1014.1,3.5,1.7,218.3,18.8,8,,2021-02-17T06:57:49,2021-02-17T18:12:52,0.18,Clear,Clear conditions throughout the day.,clear-day,"42182099999,42176099999,VIDP,42139099999,42181099999,VIDD"
"delhi, India",2021-02-18,27.6,11.4,19.2,28,11.4,19.2,13.7,73.6,0,0,0,,0,0,13.7,8.5,324.1,1016.8,0.5,1.8,219.6,18.8,8,,2021-02-18T06:56:56,2021-02-18T18:13:35,0.21,Clear,Clear conditions throughout the day.,clear-day,"42182099999,42176099999,VIDP,42139099999,42181099999,VIDD"
"delhi, India",2021-02-19,25.6,11.2,18.1,25.6,11.2,18.1,13.6,77.6,0,0,0,,0,0,25.2,15.9,261.3,1019.2,6.8,1.6,222,19.2,8,,2021-02-19T06:56:02,2021-02-19T18:14:18,0.24,Clear,Clear conditions throughout the day.,clear-day,"42182099999,42176099999,VIDP,42139099999,42181099999,VIDD"
"delhi, India",2021-02-20,26.5,12,18.2,26.5,12,18.2,13.2,76.7,0,0,0,,0,0,25.6,11.9,265.3,1019.2,42.8,1.5,224,19.4,8,,2021-02-20T06:55:07,2021-02-20T18:15:00,0.25,Partially cloudy,Clearing in the afternoon.,partly-cloudy-day,"42182099999,VIDP,42181099999,VIDD,remote"
"delhi, India",2021-02-21,27.7,11.8,18.5,28,11.8,18.6,13.5,75.2,0,0,0,,0,0,29.9,15.2,255.3,1017.5,0.5,2,227.5,19.7,8,,2021-02-21T06:54:11,2021-02-21T18:15:42,0.3,Clear,Clear conditions throughout the day.,clear-day,"42182099999,VIDP,42139099999,42181099999,VIDD"
"delhi, India",2021-02-22,28.8,13,19.3,28.7,13,19.4,13.6,72.3,0,0,0,,0,0,31.7,15.1,259.9,1015.2,3.2,2.2,223.5,19.3,8,,2021-02-22T06:53:15,2021-02-22T18:16:24,0.34,Clear,Clear conditions throughout the day.,clear-day,"42182099999,42176099999,VIDP,42139099999,42181099999,VIDD"
"delhi, India",2021-02-23,30.7,13,20.9,30.3,13,20.8,13.5,67.3,0,0,0,,0,0,21.2,12.6,248.3,1012.9,9.8,2.5,227.2,19.6,8,,2021-02-23T06:52:17,2021-02-23T18:17:05,0.37,Clear,Clear conditions throughout the day.,clear-day,"42182099999,42176099999,VIDP,42139099999,42181099999,VIDD"
"delhi, India",2021-02-24,31.8,13.2,21.7,31.5,13.2,21.6,13.6,65.3,0,0,0,,0,0,21.6,13.3,255.4,1011,0.1,2.8,232.8,20,8,,2021-02-24T06:51:19,2021-02-24T18:17:46,0.4,Clear,Clear conditions throughout the day.,clear-day,"42182099999,42176099999,VIDP,42139099999,42181099999,VIDD"
"delhi, India",2021-02-25,32.6,15.2,22.6,33.4,15.2,22.8,15.4,67.1,0,0,0,,0,0,31.7,16.5,250.5,1009.9,0.5,2.6,233.6,20,8,,2021-02-25T06:50:20,2021-02-25T18:18:27,0.43,Clear,Clear conditions throughout the day.,clear-day,"42182099999,42176099999,VIDP,42139099999,42181099999,VIDD"
"delhi, India",2021-02-26,32.6,15,23.6,33.9,15,23.7,15.6,64.4,0,0,0,,0,0,36.7,16.6,255.2,1007.5,2.3,3.4,233.6,20.3,8,,2021-02-26T06:49:20,2021-02-26T18:19:07,0.47,Clear,Clear conditions throughout the day.,clear-day,"42182099999,42176099999,VIDP,42139099999,42181099999,VIDD,remote"
"delhi, India",2021-02-27,31.3,19,24.6,31.1,19,24.6,15.7,59.4,0,0,0,,0,0,30.2,17.7,235.2,1007,12.5,3.4,235.5,20.4,8,,2021-02-27T06:48:19,2021-02-27T18:19:46,0.5,Clear,Clear conditions throughout the day.,clear-day,"42182099999,42176099999,VIDP,42139099999,42181099999,VIDD"
"delhi, India",2021-02-28,31.6,17.4,23.8,30.6,17.4,23.6,12.8,52.8,0,0,0,,0,0,20.5,14.1,290.1,1010.3,18.6,3.4,235.4,20.4,8,,2021-02-28T06:47:18,2021-02-28T18:20:26,0.53,Clear,Clear conditions throughout the day.,clear-day,"42182099999,42176099999,VIDP,42139099999,42181099999,VIDD"
"delhi, India",2021-03-01,28,13.4,20.9,27.7,13.4,20.8,11.7,58.8,0,0,0,,0,0,37.1,21.6,279.8,1014.4,0,3.2,247.8,21.5,9,,2021-03-01T06:46:16,2021-03-01T18:21:05,0.57,Clear,Clear conditions throughout the day.,clear-day,"42182099999,42176099999,VIDP,42139099999,42181099999,VIDD"
"delhi, India",2021-03-02,28.1,13,20.9,27.8,13,20.9,11.7,57.7,0,0,0,,0,0,44.6,26.5,263,1014.3,0,3.4,250.4,21.7,9,,2021-03-02T06:45:13,2021-03-02T18:21:43,0.6,Clear,Clear conditions throughout the day.,clear-day,"42182099999,42176099999,VIDP,42139099999,42181099999,VIDD"
"delhi, India",2021-03-03,30.8,13,21.3,29.9,13,21.2,11.8,57.6,0,0,0,,0,0,33.1,15.6,255.9,1012.4,0,3.1,247.8,21.5,9,,2021-03-03T06:44:10,2021-03-03T18:22:22,0.64,Clear,Clear conditions throughout the day.,clear-day,"42182099999,42176099999,VIDP,42139099999,42181099999,VIDD"
"delhi, India",2021-03-04,33.6,14.2,23.1,33.1,14.2,22.9,12.9,57.1,0,0,0,,0,0,14.4,9.7,268.1,1012,0,3,246.7,21.3,8,,2021-03-04T06:43:06,2021-03-04T18:23:00,0.67,Clear,Clear conditions throughout the day.,clear-day,"42182099999,42176099999,VIDP,42139099999,42181099999,VIDD"
"delhi, India",2021-03-05,30.8,14,22.6,30.7,14,22.6,14,60.8,0,0,0,,0,0,39.2,19.3,270.3,1011.6,0,3,252.7,21.9,9,,2021-03-05T06:42:01,2021-03-05T18:23:37,0.71,Clear,Clear conditions throughout the day.,clear-day,"42182099999,42176099999,VIDP,42139099999,42181099999,VIDD"
"delhi, India",2021-03-06,31,16,22.9,30.4,16,22.8,14,60.2,0,0,0,,0,0,33.8,15.8,256.5,1010.8,0,3.1,253.3,21.8,9,,2021-03-06T06:40:56,2021-03-06T18:24:15,0.75,Clear,Clear conditions throughout the day.,clear-day,"42182099999,42176099999,VIDP,42139099999,42181099999,VIDD"
"delhi, India",2021-03-07,33.4,16.7,24.5,34.9,16.7,24.8,16,61.5,0,0,0,,0,0,27.7,13,92.6,1009.5,2.6,2.8,248.2,21.5,8,,2021-03-07T06:39:51,2021-03-07T18:24:52,0.78,Clear,Clear conditions throughout the day.,clear-day,"42182099999,42176099999,VIDP,42139099999,42181099999,VIDD"
"delhi, India",2021-03-08,31.8,20.8,25.2,34.5,20.8,25.8,17.6,63.7,0,0,0,,0,0,39.6,16.6,94,1010.6,32.1,2.4,243.1,21.1,8,,2021-03-08T06:38:45,2021-03-08T18:25:28,0.82,Partially cloudy,Partly cloudy throughout the day.,partly-cloudy-day,"42182099999,42176099999,VIDP,42139099999,42181099999,VIDD"
"delhi, India",2021-03-09,33.6,20.7,26.1,36.7,20.7,27.1,19,67.5,1,100,4.17,rain,0,0,40.7,16.6,93.9,1012.1,50,2.1,234.8,20.2,8,,2021-03-09T06:37:38,2021-03-09T18:26:05,0.85,"Rain, Partially cloudy",Partly cloudy throughout the day with late afternoon rain.,rain,"42182099999,42176099999,VIDP,42139099999,42181099999,VIDD"
"delhi, India",2021-03-10,32.6,19.4,25.1,33.8,19.4,25.5,16.6,60.8,0,0,0,,0,0,25.6,14.8,331.8,1012,39.2,3.1,220.5,19.2,8,,2021-03-10T06:36:31,2021-03-10T18:26:41,0.89,Partially cloudy,Partly cloudy throughout the day.,partly-cloudy-day,"42182099999,42176099999,VIDP,42139099999,42181099999,VIDD"
"delhi, India",2021-03-11,34.6,18.2,25.7,35.7,18.2,26.1,17.3,63.5,0,0,0,,0,0,16.9,13.8,112.6,1012.9,16.4,2.6,255,22,9,,2021-03-11T06:35:24,2021-03-11T18:27:17,0.92,Clear,Clear conditions throughout the day.,clear-day,"42182099999,42176099999,VIDP,42139099999,42181099999,VIDD"
"delhi, India",2021-03-12,30.6,20.3,24.6,30.7,20.3,24.7,13.9,52.6,2.881,100,8.33,rain,0,0,46.4,27.7,104.8,1014.9,72.7,2.9,184.4,15.9,8,,2021-03-12T06:34:17,2021-03-12T18:27:53,0.96,"Rain, Partially cloudy",Partly cloudy throughout the day with rain in the morning and afternoon.,rain,"42182099999,42176099999,VIDP,42139099999,42181099999,VIDD"
"delhi, India",2021-03-13,30.8,17,24,30.6,17,23.9,15,59.7,7.656,100,4.17,rain,0,0,24.5,11.2,300,1015.8,38.7,2.8,248,21.5,9,,2021-03-13T06:33:09,2021-03-13T18:28:28,0,"Rain, Partially cloudy",Clearing in the afternoon with morning rain.,rain,"42182099999,42176099999,VIDP,42139099999,42181099999,VIDD"
"delhi, India",2021-03-14,31,16.6,23.9,30.7,16.6,23.8,15.2,61.8,0,0,0,,0,0,33.1,17.7,268.5,1013.1,11,2.6,264,22.6,9,,2021-03-14T06:32:00,2021-03-14T18:29:03,0.03,Clear,Clear conditions throughout the day.,clear-day,"42182099999,42176099999,VIDP,42139099999,42181099999,VIDD"
"delhi, India",2021-03-15,31.7,17,24.3,31.3,17,24.3,15.4,60.5,0,0,0,,0,0,33.1,18.4,266.8,1011.9,17.6,2.9,251.2,21.8,9,,2021-03-15T06:30:52,2021-03-15T18:29:38,0.06,Clear,Clear conditions throughout the day.,clear-day,"42182099999,42176099999,VIDP,42139099999,42181099999,VIDD"
"delhi, India",2021-03-16,31.6,19,24.8,31.6,19,24.8,16.2,61.7,0,0,0,,0,0,33.5,15.1,265.8,1012.1,30,2,266.4,23.1,9,,2021-03-16T06:29:43,2021-03-16T18:30:13,0.09,Partially cloudy,Partly cloudy throughout the day.,partly-cloudy-day,"42182099999,42176099999,VIDP,42139099999,42181099999,VIDD"
"delhi, India",2021-03-17,33.8,18,25.6,33.5,18,25.3,14.5,55.3,0,0,0,,0,0,27.4,14.8,270.8,1010.6,26.6,2.4,255.7,22,9,,2021-03-17T06:28:34,2021-03-17T18:30:47,0.13,Partially cloudy,Partly cloudy throughout the day.,partly-cloudy-day,"42182099999,42176099999,VIDP,42139099999,42181099999,VIDD"
"delhi, India",2021-03-18,34,18.9,25.9,32.8,18.9,25.5,13.9,52.5,0,0,0,,0,0,16.6,11.2,277.7,1011,41,2.3,244.9,20.9,9,,2021-03-18T06:27:25,2021-03-18T18:31:22,0.16,Partially cloudy,Becoming cloudy in the afternoon.,partly-cloudy-day,"42182099999,42176099999,VIDP,42139099999,42181099999,VIDD,remote"
"delhi, India",2021-03-19,34,20.5,26.6,32.6,20.5,26,13.1,48,0,0,0,,0,0,26.6,14.8,285.1,1010.7,51.9,2.8,242.9,21,9,,2021-03-19T06:26:16,2021-03-19T18:31:56,0.19,Partially cloudy,Partly cloudy throughout the day.,partly-cloudy-day,"42182099999,42176099999,VIDP,42139099999,42181099999"
"delhi, India",2021-03-20,32.9,18,25.2,31.7,18,24.7,12.9,50.7,0,0,0,,0,0,31.7,18.3,277,1009.3,15.6,2.8,269.4,23.3,9,,2021-03-20T06:25:06,2021-03-20T18:32:30,0.22,Clear,Clear conditions throughout the day.,clear-day,"42182099999,42176099999,VIDP,42139099999,42181099999,VIDD"
"delhi, India",2021-03-21,34.8,18,26.3,33.9,18,25.8,13.8,51.7,0,0,0,,0,0,25.9,14.8,330.2,1008.5,15.3,3.1,261.6,22.7,9,,2021-03-21T06:23:57,2021-03-21T18:33:04,0.25,Clear,Clear conditions throughout the day.,clear-day,"42182099999,42176099999,VIDP,42139099999,42181099999"
"delhi, India",2021-03-22,31,21.5,26.4,30.7,21.5,26.2,13.6,46.5,0,0,0,,0,0,46.4,27.7,52.2,1011.8,65.2,2.9,247,21.2,9,,2021-03-22T06:22:47,2021-03-22T18:33:38,0.29,Partially cloudy,Partly cloudy throughout the day.,partly-cloudy-day,"42182099999,42176099999,VIDP,42139099999,42181099999"
"delhi, India",2021-03-23,28.1,21.3,24.8,28.3,21.3,24.8,13,48.9,0,0,0,,0,0,55.4,24.1,2.2,1013.7,65.9,2.8,246.3,21.3,9,,2021-03-23T06:21:37,2021-03-23T18:34:12,0.32,Partially cloudy,Partly cloudy throughout the day.,partly-cloudy-day,"42182099999,42176099999,VIDP,42139099999,42181099999,VIDD,remote"
"delhi, India",2021-03-24,32.5,18.2,25.4,31.5,18.2,25.1,12.2,45.4,0,0,0,,0,0,38.2,20.5,282.9,1013.8,22.2,3.5,268.1,23.1,9,,2021-03-24T06:20:28,2021-03-24T18:34:46,0.35,Partially cloudy,Partly cloudy throughout the day.,partly-cloudy-day,"42182099999,42176099999,VIDP,42139099999,42181099999,VIDD"
"delhi, India",2021-03-25,29.8,16,23.4,28.8,16,23.2,13.3,55.8,0,0,0,,0,0,37.8,17.8,269,1013.4,36.8,3.5,284.9,24.4,9,,2021-03-25T06:19:18,2021-03-25T18:35:19,0.39,Partially cloudy,Partly cloudy throughout the day.,partly-cloudy-day,"42182099999,42176099999,VIDP,42139099999,42181099999,VIDD,42183099999"
"delhi, India",2021-03-26,31.8,16,24,30.9,16,23.8,13.6,55,0,0,0,,0,0,35.3,18.4,275.9,1011.5,16.5,3.1,284.9,24.4,9,,2021-03-26T06:18:08,2021-03-26T18:35:53,0.42,Clear,Clear conditions throughout the day.,clear-day,"42182099999,42176099999,VIDP,42139099999,42181099999,VIDD"
"delhi, India",2021-03-27,34.6,18,26.1,34.7,18,26.4,16.1,57,0,0,0,,0,0,27,42.3,251.3,1009.5,1.3,3.3,281.6,24.2,9,,2021-03-27T06:16:59,2021-03-27T18:36:26,0.45,Clear,Clear conditions throughout the day.,clear-day,"42182099999,42176099999,VIDP,42139099999,42181099999,VIDD"
"delhi, India",2021-03-28,36.8,19.2,27.9,36.4,19.2,27.6,15.1,50.9,0,0,0,,0,0,20.2,10,206.8,1007,0.3,3.3,282.2,24.3,9,,2021-03-28T06:15:49,2021-03-28T18:36:59,0.48,Clear,Clear conditions throughout the day.,clear-day,"42182099999,VIDP,42139099999,42181099999,VIDD"
"delhi, India",2021-03-29,39.8,22.5,30.2,38.3,22.5,29.8,14.1,41.5,0,0,0,,0,0,25.6,18.4,153.5,1004.5,3.5,3.3,286.8,24.9,9,,2021-03-29T06:14:40,2021-03-29T18:37:33,0.5,Clear,Clear conditions throughout the day.,clear-day,"42182099999,VIDP,42139099999,42181099999,VIDD"
"delhi, India",2021-03-30,37.8,21.4,29.5,35.6,21.4,28.9,12.6,39.4,0,0,0,,0,0,50.8,31.4,281.4,1000.8,0,2.3,293.7,25.5,10,,2021-03-30T06:13:30,2021-03-30T18:38:06,0.55,Clear,Clear conditions throughout the day.,clear-day,"42182099999,VIDP,42139099999,42181099999,VIDD"
"delhi, India",2021-03-31,34.7,21,27.9,32.5,21,27.1,8.9,35,0,0,0,,0,0,51.5,21.3,278.6,1001.9,0,3.4,301.6,26,10,,2021-03-31T06:12:21,2021-03-31T18:38:39,0.59,Clear,Clear conditions throughout the day.,clear-day,"42182099999,42176099999,VIDP,42139099999,42181099999,VIDD"
"delhi, India",2021-04-01,34,19,27.1,31.6,19,26.1,3,22.5,0,0,0,,0,0,51.8,22.8,274.7,1002.8,0,3.1,305.9,26.3,10,,2021-04-01T06:11:12,2021-04-01T18:39:13,0.62,Clear,Clear conditions throughout the day.,clear-day,"42182099999,42176099999,VIDP,42139099999,42181099999,VIDD"
"delhi, India",2021-04-02,33.9,16,25.8,31.7,16,24.9,4.4,27.5,0,0,0,,0,0,33.5,12.4,273.3,1006.2,0,3.5,303.1,26.2,10,,2021-04-02T06:10:04,2021-04-02T18:39:46,0.66,Clear,Clear conditions throughout the day.,clear-day,"42182099999,42176099999,VIDP,42139099999,42181099999,VIDD"
"delhi, India",2021-04-03,34.8,14.7,26,32.2,14.7,25.1,1.2,23,0,0,0,,0,0,25.9,16.4,305,1008.8,1.7,3.5,303.8,26.2,10,,2021-04-03T06:08:55,2021-04-03T18:40:19,0.69,Clear,Clear conditions throughout the day.,clear-day,"42182099999,42176099999,VIDP,42139099999,42181099999,VIDD"
"delhi, India",2021-04-04,36.8,16.9,27.1,34.2,16.9,26,4.7,27.9,0,0,0,,0,0,33.5,18.3,258.9,1009.5,5.1,3.2,300,25.9,10,,2021-04-04T06:07:47,2021-04-04T18:40:53,0.75,Clear,Clear conditions throughout the day.,clear-day,"42182099999,42176099999,VIDP,42139099999,42181099999,VIDD"
"delhi, India",2021-04-05,38.8,21,29.9,37.1,21,28.9,8,28.7,0,0,0,,0,0,27.4,13.4,132.2,1007.8,39.6,3.1,290.6,25.1,9,,2021-04-05T06:06:39,2021-04-05T18:41:26,0.76,Partially cloudy,Partly cloudy throughout the day.,partly-cloudy-day,"42182099999,42176099999,VIDP,42139099999,42181099999,VIDD"
"delhi, India",2021-04-06,38,22.6,30.4,37.1,22.6,29.5,10.1,30.4,0,0,0,,0,0,33.5,14.8,92.8,1006.2,34,2.4,280.9,24.2,9,,2021-04-06T06:05:31,2021-04-06T18:42:00,0.8,Partially cloudy,Partly cloudy throughout the day.,partly-cloudy-day,"42182099999,42176099999,VIDP,42139099999,42181099999"
"delhi, India",2021-04-07,36,23.4,29.7,34.6,23.4,28.7,9.6,31.6,0,0,0,,0,0,33.5,18.4,325.8,1009,26.4,2.7,287.8,24.9,9,,2021-04-07T06:04:24,2021-04-07T18:42:33,0.83,Partially cloudy,Partly cloudy throughout the day.,partly-cloudy-day,"42182099999,42176099999,VIDP,42139099999,42181099999"
"delhi, India",2021-04-08,34.9,21,27.6,32.6,21,26.7,4.4,26.4,0,0,0,,0,0,32.4,15.7,285.1,1009.1,0,3.2,307.1,26.4,10,,2021-04-08T06:03:17,2021-04-08T18:43:07,0.87,Clear,Clear conditions throughout the day.,clear-day,"42182099999,42176099999,VIDP,42139099999,42181099999"
"delhi, India",2021-04-09,36.2,17.2,27.7,33.7,17.2,26.6,3.6,25.5,0,0,0,,0,0,31,18.4,320.8,1009.8,7.9,3.5,305.5,26.3,10,,2021-04-09T06:02:11,2021-04-09T18:43:40,0.9,Clear,Clear conditions throughout the day.,clear-day,"42182099999,42176099999,VIDP,42139099999,42181099999"
"delhi, India",2021-04-10,36.9,19.5,29,34.7,19.5,27.8,3.8,22.9,0,0,0,,0,0,31.7,16.6,282.6,1011.2,0,3.4,308.8,26.7,10,,2021-04-10T06:01:05,2021-04-10T18:44:14,0.94,Clear,Clear conditions throughout the day.,clear-day,"42182099999,42176099999,VIDP,42139099999,42181099999"
"delhi, India",2021-04-11,38.5,19.7,29.4,36.1,19.7,28.1,4.2,23.8,0,0,0,,0,0,28.4,18.4,288.2,1011.1,10.8,3.2,308.1,26.7,10,,2021-04-11T06:00:00,2021-04-11T18:44:48,0.97,Clear,Clear conditions throughout the day.,clear-day,"42182099999,42176099999,VIDP,42139099999,42181099999"
"delhi, India",2021-04-12,38.7,20.9,29.8,37,20.9,28.8,7.5,28,0,0,0,,0,0,34.2,18.4,277.5,1011.6,5.9,2.4,295.4,25.5,9,,2021-04-12T05:58:55,2021-04-12T18:45:22,0,Clear,Clear conditions throughout the day.,clear-day,"42182099999,42176099999,VIDP,42139099999,42181099999,VIDD"
"delhi, India",2021-04-13,39.4,21,30.5,37.6,21,29.3,8.2,28.5,0,0,0,,0,0,36.4,18.5,264.1,1010,11.4,2.8,286.8,24.8,10,,2021-04-13T05:57:50,2021-04-13T18:45:56,0.04,Clear,Clear conditions throughout the day.,clear-day,"42182099999,42176099999,VIDP,42139099999,42181099999"
"delhi, India",2021-04-14,39.6,22.8,31.5,38.8,22.8,30.2,7.6,25,0,0,0,,0,0,35.6,18.4,272.8,1008.7,21.3,3.3,277.4,24,10,,2021-04-14T05:56:46,2021-04-14T18:46:30,0.07,Partially cloudy,Partly cloudy throughout the day.,partly-cloudy-day,"42182099999,42176099999,VIDP,42139099999,42181099999"
"delhi, India",2021-04-15,40.1,24,31.3,38.6,24,29.9,6.6,23.9,0,0,0,,0,0,29.5,19.8,271.9,1007.5,37.6,2.9,295.4,25.7,10,,2021-04-15T05:55:43,2021-04-15T18:47:04,0.11,Partially cloudy,Partly cloudy throughout the day.,partly-cloudy-day,"42182099999,42176099999,VIDP,42139099999,42181099999"
"delhi, India",2021-04-16,39.6,21,28.8,38.6,21,28.1,10.9,39.5,0.894,100,4.17,rain,0,0,79.6,37.1,228,1006.8,54.4,2.4,269.7,23.3,9,,2021-04-16T05:54:40,2021-04-16T18:47:39,0.14,"Rain, Partially cloudy",Partly cloudy throughout the day with late afternoon rain.,rain,"42182099999,42176099999,VIDP,42139099999,42181099999,VIDD"
"delhi, India",2021-04-17,33,19.8,26.7,33,19.8,26.4,15.2,54,0,0,0,,0,0,37.1,21.2,267.2,1009.5,37.4,3.1,283.1,24.6,10,,2021-04-17T05:53:38,2021-04-17T18:48:13,0.17,Partially cloudy,Partly cloudy throughout the day.,partly-cloudy-day,"42182099999,42176099999,VIDP,42139099999,42181099999,VIDD"
"delhi, India",2021-04-18,35.2,20.3,28.3,34.8,20.3,27.7,12.4,40.8,0,0,0,,0,0,34.2,16.6,270.4,1011.4,5.5,3.3,301.7,26,10,,2021-04-18T05:52:36,2021-04-18T18:48:48,0.2,Clear,Clear conditions throughout the day.,clear-day,"42182099999,42176099999,VIDP,42139099999,42181099999"
"delhi, India",2021-04-19,37,20.9,30,36.3,20.9,29,10.4,33.8,0,0,0,,0,0,37.1,18.4,276,1007.3,4.3,2.9,310.5,26.9,10,,2021-04-19T05:51:35,2021-04-19T18:49:22,0.24,Clear,Clear conditions throughout the day.,clear-day,"42182099999,42176099999,VIDP,42139099999,42181099999"
"delhi, India",2021-04-20,33.8,21.7,28,32.6,21.7,27.3,10,34.7,0,0,0,,0,0,55.4,37.1,3,1006.3,71.8,2.7,237.6,20.7,9,,2021-04-20T05:50:35,2021-04-20T18:49:57,0.25,Partially cloudy,Partly cloudy throughout the day.,partly-cloudy-day,"42182099999,42176099999,VIDP,42139099999,42181099999,VIDD"
"delhi, India",2021-04-21,32.7,20,26.1,32.4,20,25.9,13.5,47.7,0,0,0,,0,0,36,16.6,259.4,1008.4,39.7,3.2,302,26,10,,2021-04-21T05:49:36,2021-04-21T18:50:32,0.3,Partially cloudy,Partly cloudy throughout the day.,partly-cloudy-day,"42182099999,42176099999,VIDP,42139099999,42181099999,VIDD"
"delhi, India",2021-04-22,33,21,27.4,33.3,21,27,13.7,45.3,0,0,0,,0,0,31.7,16.6,87.2,1010.6,24.9,3.6,304.7,26.3,10,,2021-04-22T05:48:37,2021-04-22T18:51:07,0.34,Partially cloudy,Partly cloudy throughout the day.,partly-cloudy-day,"42182099999,42176099999,VIDP,42139099999,42181099999"
"delhi, India",2021-04-23,31.9,22.8,26.6,32.4,22.8,26.3,13.1,44.6,0.51,100,4.17,rain,0,0,42.5,24.1,68.1,1008.9,43.6,3,264,22.9,9,,2021-04-23T05:47:39,2021-04-23T18:51:43,0.37,"Rain, Partially cloudy",Partly cloudy throughout the day with morning rain.,rain,"42182099999,42176099999,VIDP,42139099999,42181099999"
"delhi, India",2021-04-24,32.8,18.6,26.8,31.1,18.6,25.9,8.2,33.8,0,0,0,,0,0,35.3,22.3,313.2,1010.1,7.9,3.4,321,27.7,10,,2021-04-24T05:46:42,2021-04-24T18:52:18,0.4,Clear,Clear conditions throughout the day.,clear-day,"42182099999,42176099999,VIDP,42139099999,42181099999"
"delhi, India",2021-04-25,36.7,20.2,28.2,35.8,20.2,27.4,8.6,32.2,0,0,0,,0,0,35.3,22.3,299.9,1009.8,0,3,324,27.8,10,,2021-04-25T05:45:45,2021-04-25T18:52:53,0.44,Clear,Clear conditions throughout the day.,clear-day,"42182099999,42176099999,VIDP,42139099999,42181099999,remote"
"delhi, India",2021-04-26,39.7,19.1,30.1,38.7,19.1,28.9,7.6,30.2,0,0,0,,0,0,32,18.4,272.8,1007.9,0,2.8,324,27.8,10,,2021-04-26T05:44:50,2021-04-26T18:53:29,0.47,Clear,Clear conditions throughout the day.,clear-day,"42182099999,42176099999,VIDP,42139099999,42181099999"
"delhi, India",2021-04-27,41.2,22.6,32.1,40.4,22.6,30.9,9.7,30.1,0,0,0,,0,0,36.7,20.5,294.5,1006.8,9.4,2.3,312.9,26.9,10,,2021-04-27T05:43:55,2021-04-27T18:54:05,0.5,Clear,Clear conditions throughout the day.,clear-day,"42182099999,42176099999,VIDP,42139099999,42181099999"
"delhi, India",2021-04-28,42,23.7,33.2,41.3,23.7,32.1,10.3,27.9,0,0,0,,0,0,31.7,22.3,290.3,1007.6,13.9,2.6,312.6,26.9,9,,2021-04-28T05:43:01,2021-04-28T18:54:40,0.54,Clear,Clear conditions throughout the day.,clear-day,"42182099999,42176099999,VIDP,42139099999,42181099999"
"delhi, India",2021-04-29,41.9,25.3,33.5,41.8,25.3,32.3,10.1,26.8,0.766,100,4.17,rain,0,0,37.1,18.4,299.8,1007.4,38.5,2.5,307.6,26.5,10,,2021-04-29T05:42:09,2021-04-29T18:55:16,0.57,"Rain, Partially cloudy",Partly cloudy throughout the day with late afternoon rain.,rain,"42182099999,42176099999,VIDP,42139099999,42181099999,remote"
"delhi, India",2021-04-30,39.3,24.7,33.3,40.4,24.7,32.4,12,28.9,0,0,0,,0,0,40,18.4,320.7,1007.4,39.1,2.6,300.4,25.8,10,,2021-04-30T05:41:17,2021-04-30T18:55:52,0.61,Partially cloudy,Partly cloudy throughout the day.,partly-cloudy-day,"42182099999,42176099999,VIDP,42139099999,42181099999,remote"
"delhi, India",2021-05-01,40.6,29.3,33.7,41,29,32.8,12.1,28.5,0,0,0,,0,0,23.4,22.3,100.1,1007.2,72.1,2.4,277.1,23.9,9,,2021-05-01T05:40:26,2021-05-01T18:56:28,0.64,Partially cloudy,Partly cloudy throughout the day.,partly-cloudy-day,"42182099999,42176099999,VIDP,42139099999,42181099999,VIDD,remote"
"delhi, India",2021-05-02,38.8,26.7,32.2,38.8,27.2,31.3,12.1,30.4,0,0,0,,0,0,41.4,18.4,225.4,1007.4,63.8,2.8,241.4,20.9,9,,2021-05-02T05:39:36,2021-05-02T18:57:05,0.67,Partially cloudy,Partly cloudy throughout the day.,partly-cloudy-day,"42182099999,42176099999,VIDP,42139099999,42181099999,remote"
"delhi, India",2021-05-03,38.7,26,32.5,38.4,26,31.6,11.8,30.2,0,0,0,,0,0,29.2,18.4,263.6,1005.8,40.2,2.9,281.5,24.3,9,,2021-05-03T05:38:47,2021-05-03T18:57:41,0.71,Partially cloudy,Partly cloudy throughout the day.,partly-cloudy-day,"42182099999,42176099999,VIDP,42139099999,42181099999"
"delhi, India",2021-05-04,40.4,26.4,33.1,40.4,26.4,32.5,12.7,31.7,0.03,100,4.17,rain,0,0,34.6,16.6,242,1004.4,45,3.2,281.5,24.3,10,,2021-05-04T05:37:59,2021-05-04T18:58:17,0.75,"Rain, Partially cloudy",Becoming cloudy in the afternoon with late afternoon rain.,rain,"42182099999,42176099999,VIDP,42139099999,42181099999,remote"
"delhi, India",2021-05-05,39.4,26.6,32.6,40,26.6,32.7,15.5,38,0,0,0,,0,0,32.4,20.5,100.3,1005.3,50.5,3,283.7,24.6,9,,2021-05-05T05:37:12,2021-05-05T18:58:54,0.78,Partially cloudy,Partly cloudy throughout the day.,partly-cloudy-day,"42182099999,42176099999,VIDP,42139099999,42181099999"
"delhi, India",2021-05-06,38.9,23.8,29.5,41.9,23.8,30.2,17.8,51.5,0.445,100,4.17,rain,0,0,46.4,20.5,87.6,1007.3,53.9,3,285.6,24.4,9,,2021-05-06T05:36:26,2021-05-06T18:59:30,0.81,"Rain, Partially cloudy",Partly cloudy throughout the day with afternoon rain.,rain,"42182099999,42176099999,VIDP,42139099999,42181099999"
"delhi, India",2021-05-07,35.2,23,28.7,36.1,23,29,17.1,51.8,0.299,100,4.17,rain,0,0,34.9,11.2,23.9,1009.4,43.9,3.2,291.8,25.1,9,,2021-05-07T05:35:41,2021-05-07T19:00:07,0.85,"Rain, Partially cloudy",Partly cloudy throughout the day with early morning rain.,rain,"42182099999,42176099999,VIDP,42139099999,42181099999,VIDD"
"delhi, India",2021-05-08,38.3,24.4,31.8,37.8,24.4,31.5,15.1,40.6,0,0,0,,0,0,20.9,13,269.1,1007.9,33.2,3.6,288.2,24.8,9,,2021-05-08T05:34:57,2021-05-08T19:00:43,0.88,Partially cloudy,Partly cloudy throughout the day.,partly-cloudy-day,"42182099999,42176099999,VIDP,42139099999,42181099999,remote"
"delhi, India",2021-05-09,39,26.2,31.3,40.6,26.2,31.7,16.5,42.4,0.299,100,4.17,rain,0,0,27.4,18.4,117.4,1005.9,42.4,3.2,283.3,24.7,9,,2021-05-09T05:34:15,2021-05-09T19:01:19,0.91,"Rain, Partially cloudy",Becoming cloudy in the afternoon with late afternoon rain.,rain,"42182099999,42176099999,VIDP,42139099999,42181099999"
"delhi, India",2021-05-10,36,26,30.6,36.2,26,30.7,15.6,41.4,0.68,100,8.33,rain,0,0,38.2,20.5,91.8,1004.6,54.2,3.3,307.1,26.6,10,,2021-05-10T05:33:34,2021-05-10T19:01:56,0.95,"Rain, Partially cloudy",Partly cloudy throughout the day with rain in the morning and afternoon.,rain,"42182099999,42176099999,VIDP,42139099999,42181099999,VIDD"
"delhi, India",2021-05-11,39,25.7,32.1,40.1,25.7,32,15.6,40.4,0.766,100,4.17,rain,0,0,40.3,22.6,150.5,1003.2,57,3.4,294,25.5,10,,2021-05-11T05:32:53,2021-05-11T19:02:32,0.98,"Rain, Partially cloudy",Partly cloudy throughout the day with late afternoon rain.,rain,"42182099999,42176099999,VIDP,42139099999,42181099999"
"delhi, India",2021-05-12,37,24.8,31,36.5,24.8,30.9,15.1,39.8,0,0,0,,0,0,40.7,27.7,357.6,1001.6,44.3,3.4,286,24.9,9,,2021-05-12T05:32:14,2021-05-12T19:03:09,0,Partially cloudy,Partly cloudy throughout the day.,partly-cloudy-day,"42182099999,42176099999,VIDP,42139099999,42181099999"
"delhi, India",2021-05-13,33.9,22,28,35.5,22,28.4,17.7,54.9,0.554,100,8.33,rain,0,0,40.3,21.8,86.5,1003.6,57.4,3.2,278.3,23.9,9,,2021-05-13T05:31:36,2021-05-13T19:03:45,0.05,"Rain, Partially cloudy",Partly cloudy throughout the day with morning rain.,rain,"42182099999,42176099999,VIDP,42139099999,42181099999"
"delhi, India",2021-05-14,36.5,24.4,30.4,38.3,24.4,30.7,17.1,47.2,0,0,0,,0,0,26.3,14.8,101.8,1003.5,31.4,3.6,302.5,26.2,10,,2021-05-14T05:31:00,2021-05-14T19:04:21,0.08,Partially cloudy,Clearing in the afternoon.,partly-cloudy-day,"42182099999,42176099999,VIDP,42139099999,42181099999"
"delhi, India",2021-05-15,38.5,25.1,30.6,37.8,25.1,30.3,14.4,39.8,0,0,0,,0,0,48.2,29.5,7.7,1004.9,42.4,3.2,305.2,26.4,9,,2021-05-15T05:30:24,2021-05-15T19:04:57,0.12,Partially cloudy,Partly cloudy throughout the day.,partly-cloudy-day,"42182099999,42176099999,VIDP,42139099999,42181099999,remote"
"delhi, India",2021-05-16,40,24,32.7,39.2,24,31.9,12.5,32.1,0,0,0,,0,0,25.2,11.2,19.7,1006.1,19,3.5,322.1,27.7,10,,2021-05-16T05:29:50,2021-05-16T19:05:33,0.15,Clear,Clear conditions throughout the day.,clear-day,"42182099999,42176099999,VIDP,42139099999,42181099999"
"delhi, India",2021-05-17,37,26.1,32.8,37.5,26.1,32,12.4,31.2,0,0,0,,0,0,28.4,14.8,201.7,1006.1,73.4,2.5,171.6,14.8,5,,2021-05-17T05:29:17,2021-05-17T19:06:09,0.19,Partially cloudy,Partly cloudy throughout the day.,partly-cloudy-day,"42182099999,42176099999,VIDP,42139099999,42181099999"
"delhi, India",2021-05-18,31,24.9,27.8,31.8,24.9,28.5,19.1,60.6,0.175,100,8.33,rain,0,0,32.4,24.1,169.4,1006.5,91.6,3.1,88.6,7.7,5,,2021-05-18T05:28:46,2021-05-18T19:06:45,0.22,"Rain, Overcast",Cloudy skies throughout the day with rain.,rain,"42182099999,42176099999,VIDP,42139099999,42181099999,remote"
"delhi, India",2021-05-19,25,21,22.4,25,21,22.4,21.5,94.6,62.39,100,20.83,rain,0,0,32.4,22.3,44.6,1004.5,96.7,1.7,41.7,3.5,1,,2021-05-19T05:28:15,2021-05-19T19:07:20,0.25,"Rain, Overcast",Cloudy skies throughout the day with rain.,rain,"42182099999,42176099999,VIDP,42139099999,42181099999,VIDD"
"delhi, India",2021-05-20,30.6,20,25.2,34.2,20,26.4,21.1,79.9,50.188,100,4.17,rain,0,0,37.1,22.3,331.1,1002.3,62.6,2.5,189.7,16.3,9,,2021-05-20T05:27:46,2021-05-20T19:07:56,0.25,"Rain, Partially cloudy",Partly cloudy throughout the day with early morning rain.,rain,"42182099999,42176099999,VIDP,42139099999,42181099999"
"delhi, India",2021-05-21,32.1,21,26.2,36.4,21,27,21.2,76.9,6.448,100,8.33,rain,0,0,40.7,22.3,110.6,1005.2,39.7,3.1,300.1,25.9,9,,2021-05-21T05:27:18,2021-05-21T19:08:31,0.32,"Rain, Partially cloudy",Partly cloudy throughout the day with morning rain.,rain,"42182099999,42176099999,VIDP,42139099999,42181099999"
"delhi, India",2021-05-22,34.5,19.8,28,39.7,19.8,28.5,17.9,58.5,16.448,100,8.33,rain,0,0,55.4,37.1,359.1,1005.1,49.9,3.6,283.4,24.3,10,,2021-05-22T05:26:52,2021-05-22T19:09:06,0.36,"Rain, Partially cloudy",Clearing in the afternoon with early morning rain.,rain,"42182099999,42176099999,VIDP,42139099999,42181099999,remote"
"delhi, India",2021-05-23,32.9,24.2,27.7,34.6,24.2,28,18.1,58,0,0,0,,0,0,33.5,22.3,279.8,1005.9,46.7,2.3,311.1,26.7,10,,2021-05-23T05:26:27,2021-05-23T19:09:40,0.39,Partially cloudy,Partly cloudy throughout the day.,partly-cloudy-day,"42182099999,42176099999,VIDP,42139099999,42181099999"
"delhi, India",2021-05-24,36,22,29.5,35.6,22,29.2,15.3,45.7,0,0,0,,0,0,45.4,27.7,293.4,1006,9.1,3.3,328.1,28.4,10,,2021-05-24T05:26:03,2021-05-24T19:10:14,0.43,Clear,Clear conditions throughout the day.,clear-day,"42182099999,42176099999,VIDP,42139099999,42181099999"
"delhi, India",2021-05-25,39,25,32,37.7,25,31,12,33.1,0,0,0,,0,0,37.8,20.5,302.1,1002.2,0,3.6,333.7,28.9,10,,2021-05-25T05:25:40,2021-05-25T19:10:48,0.46,Clear,Clear conditions throughout the day.,clear-day,"42182099999,42176099999,VIDP,42139099999,42181099999"
"delhi, India",2021-05-26,39.2,24.3,32.8,37.6,24.3,31.5,10.1,28.4,0,0,0,,0,0,25.2,20.5,308.8,1000.1,1.7,3.7,330.2,28.6,10,,2021-05-26T05:25:19,2021-05-26T19:11:21,0.5,Clear,Clear conditions throughout the day.,clear-day,"42182099999,42176099999,VIDP,42139099999,42181099999"
"delhi, India",2021-05-27,40.3,24.7,32.8,39.6,24.7,32.4,13.4,35.5,0,0,0,,0,0,20.2,18.4,288,1000.2,7.3,3.5,329.5,28.6,10,,2021-05-27T05:25:00,2021-05-27T19:11:54,0.53,Clear,Clear conditions throughout the day.,clear-day,"42182099999,42176099999,VIDP,42139099999,42181099999,VIDD"
"delhi, India",2021-05-28,38,26.8,32.2,43,28.6,34.9,20.3,50.6,0,0,0,,0,0,33.5,18.4,134.9,1001.9,14.2,4,318.3,27.5,10,,2021-05-28T05:24:41,2021-05-28T19:12:27,0.56,Clear,Clear conditions throughout the day.,clear-day,"42182099999,42176099999,VIDP,42139099999,42181099999"
"delhi, India",2021-05-29,37,28,32.2,40.8,30.1,34.5,20.1,50.1,0,0,0,,0,0,37.1,23.9,136.4,1003.4,21.5,4.2,312,26.9,9,,2021-05-29T05:24:24,2021-05-29T19:12:59,0.59,Partially cloudy,Partly cloudy throughout the day.,partly-cloudy-day,"42182099999,42176099999,VIDP,42139099999,42181099999"
"delhi, India",2021-05-30,36.8,27,30.9,43.2,28.1,32.9,19.3,51.4,0.045,100,4.17,rain,0,0,40.7,28.8,133.6,1003.5,61.1,3.3,310.8,26.8,9,,2021-05-30T05:24:08,2021-05-30T19:13:31,0.63,"Rain, Partially cloudy",Partly cloudy throughout the day with late afternoon rain.,rain,"42182099999,42176099999,VIDP,42139099999,42181099999,remote"
"delhi, India",2021-05-31,38.6,26.2,32.8,41.9,26.2,34.1,18.2,43.7,0.045,100,4.17,rain,0,0,27,9.9,180.9,1000.2,50.7,3.9,307.8,26.7,9,,2021-05-31T05:23:54,2021-05-31T19:14:02,0.66,"Rain, Partially cloudy",Partly cloudy throughout the day with early morning rain.,rain,"42182099999,42176099999,VIDP,42139099999,42181099999,VIDD"
"delhi, India",2021-06-01,32.8,20.8,26.9,36.1,20.8,28,20.1,68.7,14.299,100,8.33,rain,0,0,55.4,27.7,8.3,1003.9,72.1,2.9,248.2,21.3,8,,2021-06-01T05:23:41,2021-06-01T19:14:32,0.69,"Rain, Partially cloudy",Partly cloudy throughout the day with early morning rain.,rain,"42182099999,42176099999,VIDP,42139099999,42181099999"
"delhi, India",2021-06-02,36,23.7,30,37.4,23.7,30.8,19.3,58,0,0,0,,0,0,30.6,18.4,239.3,1004.6,59.6,3,283.6,24.5,8,,2021-06-02T05:23:29,2021-06-02T19:15:02,0.75,Partially cloudy,Partly cloudy throughout the day.,partly-cloudy-day,"42182099999,42176099999,VIDP,42139099999,42181099999"
"delhi, India",2021-06-03,38,26,31.8,42.8,26,34.3,20.2,52,0,0,0,,0,0,35.3,13,11.5,1005.3,35.4,3.3,285.1,24.8,9,,2021-06-03T05:23:19,2021-06-03T19:15:32,0.76,Partially cloudy,Partly cloudy throughout the day.,partly-cloudy-day,"42182099999,42176099999,VIDP,42139099999,42181099999"
"delhi, India",2021-06-04,38.6,23,31,42.2,23,33.8,21.5,60.9,5.39,100,8.33,rain,0,0,46.4,29.1,80.7,1005.3,68.9,3.2,301.9,26.3,9,,2021-06-04T05:23:10,2021-06-04T19:16:00,0.79,"Rain, Partially cloudy",Partly cloudy throughout the day with rain.,rain,"42182099999,42176099999,VIDP,42139099999,42181099999"
"delhi, India",2021-06-05,37.2,25,30.1,42.1,25,32,21.2,61.3,0.47,100,4.17,rain,0,0,51.8,20.4,101.9,1003.7,55.1,3.2,285.1,24.7,9,,2021-06-05T05:23:03,2021-06-05T19:16:28,0.83,"Rain, Partially cloudy",Partly cloudy throughout the day with late afternoon rain.,rain,"42182099999,42176099999,VIDP,42139099999,42181099999"
"delhi, India",2021-06-06,37.4,25.6,31.6,41.7,25.6,34.6,21.6,58.3,0,0,0,,0,0,24.8,11.2,260,1003.3,44.4,3.5,292.1,25.4,9,,2021-06-06T05:22:56,2021-06-06T19:16:56,0.86,Partially cloudy,Partly cloudy throughout the day.,partly-cloudy-day,"42182099999,42176099999,VIDP,42139099999,42181099999"
"delhi, India",2021-06-07,39.5,27.8,34,43.4,29.2,37.1,20.5,47.4,0,0,0,,0,0,33.5,18.4,281.3,1001.1,26.1,3.4,281.7,24.5,9,,2021-06-07T05:22:51,2021-06-07T19:17:22,0.89,Partially cloudy,Partly cloudy throughout the day.,partly-cloudy-day,"42182099999,42176099999,VIDP,42139099999,42181099999,VIDD"
"delhi, India",2021-06-08,41.1,30,35.8,45.1,31.3,39.6,20.8,43.8,0,0,0,,0,0,52.2,25.7,272.6,998.6,34.9,3.3,308.7,26.7,9,,2021-06-08T05:22:48,2021-06-08T19:17:48,0.93,Partially cloudy,Partly cloudy throughout the day.,partly-cloudy-day,"42182099999,42176099999,VIDP,42139099999,42181099999,remote"
"delhi, India",2021-06-09,41.5,31,36.8,47.3,33,41.3,21.1,40.8,0,0,0,,0,0,34.2,18.3,257.5,997.2,29.3,3.1,291.9,25.4,9,,2021-06-09T05:22:46,2021-06-09T19:18:13,0.96,Partially cloudy,Partly cloudy throughout the day.,partly-cloudy-day,"42182099999,42176099999,VIDP,42139099999,42181099999"
"delhi, India",2021-06-10,38.8,27.8,34.2,48.7,33,42.1,25,60,1.149,100,4.17,rain,0,0,37.1,18.4,114.2,997.6,48,3,255.8,22.1,8,,2021-06-10T05:22:45,2021-06-10T19:18:37,0,"Rain, Partially cloudy",Partly cloudy throughout the day with late afternoon rain.,rain,"42182099999,42176099999,VIDP,42139099999,42181099999"
"delhi, India",2021-06-11,38,24,31.6,49,24,36.8,24,66.5,5.955,100,4.17,rain,0,0,36.4,18.4,103.1,997.4,58,3.2,253.3,21.8,8,,2021-06-11T05:22:45,2021-06-11T19:19:01,0.03,"Rain, Partially cloudy",Partly cloudy throughout the day with early morning rain.,rain,"42182099999,42176099999,VIDP,42139099999,42181099999,VIDD"
"delhi, India",2021-06-12,35.3,25,31.2,43.6,25,37.5,24.4,67.7,0.639,100,4.17,rain,0,0,46.4,27.7,110.2,999.1,52.5,3.4,261.4,22.7,8,,2021-06-12T05:22:47,2021-06-12T19:19:23,0.06,"Rain, Partially cloudy",Partly cloudy throughout the day with late afternoon rain.,rain,"42182099999,42176099999,VIDP,42139099999,42181099999"
"delhi, India",2021-06-13,34.5,26,29.4,41.2,26,33.6,23.5,70.8,0.149,100,4.17,rain,0,0,33.5,20.5,71.4,999.9,65.5,3.3,235.4,20.4,7,,2021-06-13T05:22:49,2021-06-13T19:19:45,0.1,"Rain, Partially cloudy",Partly cloudy throughout the day with afternoon rain.,rain,"42182099999,42176099999,VIDP,42139099999,42181099999"
"delhi, India",2021-06-14,37.7,27.5,32.3,43.5,31.2,37.1,23,61.5,0,0,0,,0,0,24.5,14.8,218,997.6,42.9,3.4,287.1,24.9,9,,2021-06-14T05:22:54,2021-06-14T19:20:05,0.13,Partially cloudy,Partly cloudy throughout the day.,partly-cloudy-day,"42182099999,42176099999,VIDP,42139099999,42181099999"
"delhi, India",2021-06-15,37.9,28,31.9,44.7,31.2,36.6,23,60.5,0,0,0,,0,0,29.2,23.3,146.8,994.7,62.4,3.3,270.9,23.2,9,,2021-06-15T05:22:59,2021-06-15T19:20:25,0.17,Partially cloudy,Partly cloudy throughout the day.,partly-cloudy-day,"42182099999,42176099999,VIDP,42139099999,42181099999,VIDD"
"delhi, India",2021-06-16,32.7,27,29.8,39.4,29.2,34.6,23.7,70.1,0.015,100,4.17,rain,0,0,32.4,14.8,67.5,997.8,65.6,3.4,225.3,19.5,8,,2021-06-16T05:23:05,2021-06-16T19:20:43,0.2,"Rain, Partially cloudy",Partly cloudy throughout the day with afternoon rain.,rain,"42182099999,42176099999,VIDP,42139099999,42181099999"
"delhi, India",2021-06-17,35.7,28,31.3,40.8,31.8,37.1,24.3,67.8,0,0,0,,0,0,32.8,18.4,64,999.6,52.6,3.4,269.4,23.2,8,,2021-06-17T05:23:13,2021-06-17T19:21:01,0.24,Partially cloudy,Partly cloudy throughout the day.,partly-cloudy-day,"42182099999,42176099999,VIDP,42139099999,42181099999,VIDD"
"delhi, India",2021-06-18,35.8,27,30.7,42.5,30.3,36.5,24.6,70.8,0,0,0,,0,0,32,20.5,87.7,1000.5,49.6,2.9,245.3,21.3,8,,2021-06-18T05:23:22,2021-06-18T19:21:17,0.25,Partially cloudy,Partly cloudy throughout the day.,partly-cloudy-day,"42182099999,42176099999,VIDP,42139099999,42181099999"
"delhi, India",2021-06-19,34.5,27.2,30.3,42,30.5,35.4,24.1,70.3,0,0,0,,0,0,34.9,18.4,43.3,1000.3,76.3,3.6,228.6,19.9,6,,2021-06-19T05:23:32,2021-06-19T19:21:33,0.31,Partially cloudy,Partly cloudy throughout the day.,partly-cloudy-day,"42182099999,42176099999,VIDP,42139099999,42181099999"
"delhi, India",2021-06-20,34,26.8,29.4,40.7,30,34.7,24.9,77.8,0.34,100,4.17,rain,0,0,31,15.7,53.2,1001,73.2,3.7,214.1,18.4,7,,2021-06-20T05:23:43,2021-06-20T19:21:47,0.34,"Rain, Partially cloudy",Partly cloudy throughout the day with morning rain.,rain,"42182099999,42176099999,VIDP,42139099999,42181099999"
"delhi, India",2021-06-21,37,27,32.1,43.2,30.9,38.1,24.5,66.8,0,0,0,,0,0,31,13,47.9,1002,56.6,3.5,276.3,24,8,,2021-06-21T05:23:56,2021-06-21T19:22:00,0.38,Partially cloudy,Partly cloudy throughout the day.,partly-cloudy-day,"42182099999,42176099999,VIDP,42139099999,42181099999"
"delhi, India",2021-06-22,40,29.2,34.7,42.9,34.6,39.1,21.6,49.8,0,0,0,,0,0,31,14.8,292.4,1001.2,48.4,3.3,285,24.8,9,,2021-06-22T05:24:09,2021-06-22T19:22:12,0.41,Partially cloudy,Partly cloudy throughout the day.,partly-cloudy-day,"42182099999,42176099999,VIDP,42139099999,42181099999"
"delhi, India",2021-06-23,40.1,29.7,35.1,44.2,31.9,37.8,19.7,42.5,0,0,0,,0,0,19.1,18.4,9.3,1001.5,43.1,3.5,297.2,25.7,9,,2021-06-23T05:24:24,2021-06-23T19:22:23,0.45,Partially cloudy,Partly cloudy throughout the day.,partly-cloudy-day,"42182099999,42176099999,VIDP,42139099999,42181099999"
"delhi, India",2021-06-24,38,29.7,32.2,47.4,32.5,38.6,24,63.4,0,0,0,,0,0,37.1,18.4,101.9,1001.5,61.3,2.9,280.4,24.5,9,,2021-06-24T05:24:39,2021-06-24T19:22:32,0.48,Partially cloudy,Partly cloudy throughout the day.,partly-cloudy-day,"42182099999,42176099999,VIDP,42139099999,42181099999"
"delhi, India",2021-06-25,39,27,32.3,43.4,29.6,35,20.7,53,0.896,100,4.17,rain,0,0,55.4,27.7,273.8,1000.6,49.9,3.3,292.3,25.2,9,,2021-06-25T05:24:56,2021-06-25T19:22:41,0.5,"Rain, Partially cloudy",Partly cloudy throughout the day with late afternoon rain.,rain,"42182099999,42176099999,VIDP,42139099999,42181099999"
"delhi, India",2021-06-26,38,27,31.4,42.6,30.1,35.1,22.2,60.3,4.253,100,8.33,rain,0,0,27.4,22.1,279.2,1002.6,76.7,2.8,274.7,23.8,9,,2021-06-26T05:25:13,2021-06-26T19:22:48,0.55,"Rain, Partially cloudy",Partly cloudy throughout the day with rain.,rain,"42182099999,42176099999,VIDP,42139099999,42181099999"
"delhi, India",2021-06-27,39,28.4,33.6,46.2,32,38.9,22.9,55.4,0,0,0,,0,0,24.8,13,54.6,1004.8,47.3,3.1,276.5,23.9,8,,2021-06-27T05:25:32,2021-06-27T19:22:54,0.58,Partially cloudy,Partly cloudy throughout the day.,partly-cloudy-day,"42182099999,42176099999,VIDP,42139099999,42181099999"
"delhi, India",2021-06-28,39.3,29.4,34.5,45.2,35.5,40.4,23.2,54.2,0,0,0,,0,0,23.8,13,18.2,1003.5,35.2,3.3,296.3,25.5,9,,2021-06-28T05:25:51,2021-06-28T19:22:58,0.61,Partially cloudy,Partly cloudy throughout the day.,partly-cloudy-day,"42182099999,42176099999,VIDP,42139099999,42181099999"
"delhi, India",2021-06-29,42,29.5,36.3,44.3,35.8,40.9,21.4,46.7,0,0,0,,0,0,35.3,24.1,290.1,1000.2,13.2,3.4,305.4,26.4,9,,2021-06-29T05:26:11,2021-06-29T19:23:02,0.65,Clear,Clear conditions throughout the day.,clear-day,"42182099999,42176099999,VIDP,42139099999,42181099999"
"delhi, India",2021-06-30,43,30.6,37.7,47.5,33.7,40.7,19.5,36.8,0,0,0,,0,0,59.4,27.7,269.2,997.1,21.9,3.3,299.1,25.9,9,,2021-06-30T05:26:33,2021-06-30T19:23:04,0.68,Partially cloudy,Partly cloudy throughout the day.,partly-cloudy-day,"42182099999,42176099999,VIDP,42139099999,42181099999,VIDD"
"delhi, India",2021-07-01,42.8,31.8,37.5,49.4,35.9,41.2,20.4,38.1,4.253,100,4.17,rain,0,0,40.7,23.7,255.7,995.6,19.2,3.8,268.9,23,9,,2021-07-01T05:26:55,2021-07-01T19:23:04,0.71,Rain,Clear conditions throughout the day with late afternoon rain.,rain,"42182099999,42176099999,VIDP,42139099999,42181099999,VIDD"
"delhi, India",2021-07-02,41,27,34,47,30.6,38,21.5,51,20.046,100,8.33,rain,0,0,44.3,32.7,261.9,997.2,46.2,2.8,277.7,23.9,9,,2021-07-02T05:27:17,2021-07-02T19:23:04,0.75,"Rain, Partially cloudy",Becoming cloudy in the afternoon with rain.,rain,"42182099999,42176099999,VIDP,42139099999,42181099999,VIDD"
"delhi, India",2021-07-03,38,28,31.6,49,30.8,36.5,23.2,61.9,0,0,0,,0,0,37.1,22.3,268.6,1000.7,88.5,3.1,264.1,22.8,9,,2021-07-03T05:27:41,2021-07-03T19:23:02,0.78,Partially cloudy,Partly cloudy throughout the day.,partly-cloudy-day,"42182099999,42176099999,VIDP,42139099999,42181099999"
"delhi, India",2021-07-04,39,28,33,42.9,32.3,37.3,22.2,55.7,0,0,0,,0,0,32.4,20.5,283.9,1002.2,50.8,3.2,283.2,24.5,9,,2021-07-04T05:28:05,2021-07-04T19:22:58,0.81,Partially cloudy,Partly cloudy throughout the day.,partly-cloudy-day,"42182099999,42176099999,VIDP,42139099999,42181099999"
"delhi, India",2021-07-05,40,29,33.8,46.6,31.3,37.9,21.7,50,0,0,0,,0,0,33.5,14.8,287,1002.6,54,3.5,279.1,24.1,8,,2021-07-05T05:28:31,2021-07-05T19:22:54,0.84,Partially cloudy,Partly cloudy throughout the day.,partly-cloudy-day,"42182099999,42176099999,VIDP,42139099999,42181099999,VIDD"
"delhi, India",2021-07-06,40,30,34.8,46.7,33.3,40.2,22.8,51.1,0,0,0,,0,0,29.2,14.8,278.5,1000.9,41.6,3.5,249.7,21.6,9,,2021-07-06T05:28:56,2021-07-06T19:22:47,0.88,Partially cloudy,Partly cloudy throughout the day.,partly-cloudy-day,"42182099999,42176099999,VIDP,42139099999,42181099999,remote"
"delhi, India",2021-07-07,42,31.1,36.4,47,36.8,41.8,22.3,46.2,0,0,0,,0,0,38.5,18.4,270.9,999.4,30.8,3.8,279,24.2,9,,2021-07-07T05:29:23,2021-07-07T19:22:40,0.91,Partially cloudy,Partly cloudy throughout the day.,partly-cloudy-day,"42182099999,42176099999,VIDP,42139099999,42181099999"
"delhi, India",2021-07-08,41,28.2,36.1,47,32.2,40.6,21.6,44.4,7.656,100,4.17,rain,0,0,40.7,22.3,286.6,999.3,46.3,3.5,253,21.8,8,,2021-07-08T05:29:50,2021-07-08T19:22:31,0.94,"Rain, Partially cloudy",Partly cloudy throughout the day with late afternoon rain.,rain,"42182099999,42176099999,VIDP,42139099999,42181099999"
"delhi, India",2021-07-09,38,29.2,33,48.6,31.9,39.1,23.7,58.7,0,0,0,,0,0,36.4,22.3,98.3,1000.7,60.1,3.5,262.1,22.6,8,,2021-07-09T05:30:18,2021-07-09T19:22:21,0.97,Partially cloudy,Partly cloudy throughout the day.,partly-cloudy-day,"42182099999,42176099999,VIDP,42139099999,42181099999,VIDD"
"delhi, India",2021-07-10,38.8,30,34.5,49.1,37.3,42.6,25,59.2,0,0,0,,0,0,24.5,18.4,92.8,1000.2,40,3.4,255.5,22.1,8,,2021-07-10T05:30:46,2021-07-10T19:22:09,0,Partially cloudy,Partly cloudy throughout the day.,partly-cloudy-day,"42182099999,42176099999,VIDP,42139099999,42181099999,VIDD"
"delhi, India",2021-07-11,38.1,30,33.7,50.3,37.4,42.9,26,65.4,0,0,0,,0,0,44.6,22.3,101.3,1001.6,58.3,3.4,231.9,20.2,8,,2021-07-11T05:31:15,2021-07-11T19:21:56,0.04,Partially cloudy,Partly cloudy throughout the day.,partly-cloudy-day,"42182099999,42176099999,VIDP,42139099999,42181099999"
"delhi, India",2021-07-12,36.7,28.4,31.7,45.3,33.9,39.9,26,72.8,0,0,0,,0,0,46.4,22.3,104.2,1003.6,83.1,2.7,214.4,18.6,7,,2021-07-12T05:31:44,2021-07-12T19:21:42,0.08,Partially cloudy,Partly cloudy throughout the day.,partly-cloudy-day,"42182099999,42176099999,VIDP,42139099999,42181099999"
"delhi, India",2021-07-13,31,25.3,29.2,42.4,25.3,36.9,26.9,87.4,49.864,100,12.5,rain,0,0,33.5,15.5,89.8,1003.1,87.5,2.5,146.6,13,7,,2021-07-13T05:32:14,2021-07-13T19:21:26,0.11,"Rain, Partially cloudy",Partly cloudy throughout the day with rain in the morning and afternoon.,rain,"42182099999,42176099999,VIDP,42139099999,42181099999,VIDD"
"delhi, India",2021-07-14,34.8,25.4,28.1,46,25.4,33,26.5,91.4,22.416,100,8.33,rain,0,0,46.4,27.7,72.5,1002.8,87,3.1,154.9,13.4,6,,2021-07-14T05:32:44,2021-07-14T19:21:09,0.15,"Rain, Partially cloudy",Partly cloudy throughout the day with afternoon rain.,rain,"42182099999,42176099999,VIDP,42139099999,42181099999,VIDD"
"delhi, India",2021-07-15,35.2,25,30.5,48.7,25,37.7,26.1,79.1,0,0,0,,0,0,32.8,16.6,59.9,1003,50.8,3.2,223.5,19.3,7,,2021-07-15T05:33:14,2021-07-15T19:20:50,0.19,Partially cloudy,Partly cloudy throughout the day.,partly-cloudy-day,"42182099999,42176099999,VIDP,42139099999,42181099999"
"delhi, India",2021-07-16,37.1,28.6,33.1,49.5,36,44.5,27.5,73.9,0,0,0,,0,0,34.2,16.6,87.7,1004.1,45.1,3.2,252.5,21.8,8,,2021-07-16T05:33:45,2021-07-16T19:20:30,0.22,Partially cloudy,Partly cloudy throughout the day.,partly-cloudy-day,"42182099999,42176099999,VIDP,42139099999,42181099999"
"delhi, India",2021-07-17,37.8,29,33.1,49.6,38.1,42.9,26.6,70.8,0,0,0,,0,0,23.4,13,124.6,1002,59.7,3.4,241.4,20.9,8,,2021-07-17T05:34:17,2021-07-17T19:20:08,0.25,Partially cloudy,Partly cloudy throughout the day.,partly-cloudy-day,"42182099999,42176099999,VIDP,42139099999,42181099999,VIDD"
"delhi, India",2021-07-18,36,27.9,30.6,50.1,33.8,40.3,27.5,84.4,7.596,100,12.5,rain,0,0,42.1,18.4,176.1,999,87.7,3,154.8,13.5,6,,2021-07-18T05:34:49,2021-07-18T19:19:46,0.29,"Rain, Partially cloudy",Partly cloudy throughout the day with rain.,rain,"42182099999,42176099999,VIDP,42139099999,42181099999"
"delhi, India",2021-07-19,28,25,26.3,35.6,25,27.7,26.2,99.3,110.111,100,20.83,rain,0,0,42.8,13,196.6,999,94.5,2,13.9,1.2,0,,2021-07-19T05:35:21,2021-07-19T19:19:21,0.33,"Rain, Overcast",Cloudy skies throughout the day with a chance of rain throughout the day.,rain,"42182099999,42176099999,VIDP,42139099999,42181099999"
"delhi, India",2021-07-20,32,24.7,27.6,48.5,24.7,32.9,26.7,95.2,56.863,100,12.5,rain,0,0,29.5,18.4,98.9,998.9,92,1.9,146,12.5,5,,2021-07-20T05:35:53,2021-07-20T19:18:56,0.36,"Rain, Overcast",Cloudy skies throughout the day with rain.,rain,"42182099999,42176099999,VIDP,42139099999,42181099999,remote"
"delhi, India",2021-07-21,34,25,29.5,46.5,25,36.6,26.6,85.3,0,0,0,,0,0,24.8,11.1,54,997.6,85.3,3.1,205.3,17.9,8,,2021-07-21T05:36:25,2021-07-21T19:18:29,0.4,Partially cloudy,Partly cloudy throughout the day.,partly-cloudy-day,"42182099999,42176099999,VIDP,42139099999,42181099999,VIDD"
"delhi, India",2021-07-22,33.3,27,29.4,43.8,31.2,36.5,26.2,83.6,0,0,0,,0,0,29.5,13,61.4,996.4,86.7,3.1,209.3,18.2,7,,2021-07-22T05:36:58,2021-07-22T19:18:01,0.43,Partially cloudy,Partly cloudy throughout the day.,partly-cloudy-day,"42182099999,42176099999,VIDP,42139099999,42181099999,VIDD"
"delhi, India",2021-07-23,34,27.4,30.5,47.3,32.3,39.7,27.1,82.3,0,0,0,,0,0,29.2,14.8,119.8,997.9,84.2,3.7,160.9,13.9,7,,2021-07-23T05:37:31,2021-07-23T19:17:31,0.47,Partially cloudy,Partly cloudy throughout the day.,partly-cloudy-day,"42182099999,42176099999,VIDP,42139099999,42181099999"
"delhi, India",2021-07-24,35.6,28.3,31.5,52,35.1,42.6,27.8,81.7,0.17,100,4.17,rain,0,0,30.2,13,117.2,999,77.6,3.1,240.9,21,8,,2021-07-24T05:38:04,2021-07-24T19:17:00,0.5,"Rain, Partially cloudy",Partly cloudy throughout the day with afternoon rain.,rain,"42182099999,42176099999,VIDP,42139099999,42181099999,VIDD"
"delhi, India",2021-07-25,36.7,28,32.4,50.2,33.5,43,27.2,75.1,0,0,0,,0,0,25.9,14.8,123.4,998.4,49.7,3.7,246.1,21.3,8,,2021-07-25T05:38:38,2021-07-25T19:16:28,0.54,Partially cloudy,Partly cloudy throughout the day.,partly-cloudy-day,"42182099999,42176099999,VIDP,42139099999,42181099999,VIDD"
"delhi, India",2021-07-26,32.8,30,30.9,44.3,38.8,41.4,27.6,83,0,0,0,,0,0,20.2,14.8,104.8,997.4,80.4,3.2,93,8,3,,2021-07-26T05:39:11,2021-07-26T19:15:54,0.57,Partially cloudy,Partly cloudy throughout the day.,partly-cloudy-day,"42182099999,42176099999,VIDP,42139099999,42181099999,VIDD"
"delhi, India",2021-07-27,30,27,28.5,40.4,31.8,36.3,27.5,94.6,106.078,100,20.83,rain,0,0,22.3,16.6,273.2,995.8,92.5,2.3,65,5.6,3,,2021-07-27T05:39:44,2021-07-27T19:15:20,0.6,"Rain, Overcast",Cloudy skies throughout the day with a chance of rain throughout the day.,rain,"42182099999,42176099999,VIDP,42139099999,42181099999"
"delhi, India",2021-07-28,27.8,26,26.7,34.3,26,29.7,26.2,96.8,9.136,100,16.67,rain,0,0,26.3,14.8,255.6,997.1,97,2.3,54.3,4.7,3,,2021-07-28T05:40:18,2021-07-28T19:14:43,0.63,"Rain, Overcast",Cloudy skies throughout the day with a chance of rain throughout the day.,rain,"42182099999,42176099999,VIDP,42139099999,42181099999,VIDD"
"delhi, India",2021-07-29,32.2,26,28.3,46.5,26,34.7,26.9,92.5,148.012,100,8.33,rain,0,0,17.6,16.6,251,997.8,89.4,3.1,89.4,7.6,5,,2021-07-29T05:40:52,2021-07-29T19:14:06,0.67,"Rain, Partially cloudy",Partly cloudy throughout the day with rain.,rain,"42182099999,42176099999,VIDP,42139099999,42181099999"
"delhi, India",2021-07-30,31.9,26,27.7,42.8,26,33,26.7,94.8,38.669,100,8.33,rain,0,0,46.4,27.7,354.6,998.8,93.9,2.3,73.2,6.2,3,,2021-07-30T05:41:25,2021-07-30T19:13:27,0.7,"Rain, Overcast",Cloudy skies throughout the day with rain in the morning and afternoon.,rain,"42182099999,42176099999,VIDP,42139099999,42181099999,VIDD"
"delhi, India",2021-07-31,34.2,26,29.8,47.3,26,38,27,85.4,0,0,0,,0,0,34.9,14.8,100.6,999,88,3.7,175.9,15.1,6,,2021-07-31T05:41:59,2021-07-31T19:12:48,0.75,Partially cloudy,Partly cloudy throughout the day.,partly-cloudy-day,"42182099999,42176099999,VIDP,42139099999,42181099999"
"delhi, India",2021-08-01,31.7,24,28.5,46.5,24,35.5,27.1,92.5,39.656,100,12.5,rain,0,0,23.8,14.8,123.6,998.5,80.6,3,209.7,18.1,7,,2021-08-01T05:42:33,2021-08-01T19:12:06,0.76,"Rain, Partially cloudy",Partly cloudy throughout the day with rain clearing later.,rain,"42182099999,42176099999,VIDP,42139099999,42181099999"
"delhi, India",2021-08-02,32,27,28.8,44.2,31.2,36.5,27.2,91.5,2.688,100,8.33,rain,0,0,37.1,18.4,7.6,998.9,81.4,2.4,150.2,12.9,7,,2021-08-02T05:43:07,2021-08-02T19:11:24,0.8,"Rain, Partially cloudy",Partly cloudy throughout the day with afternoon rain.,rain,"42182099999,42176099999,VIDP,42139099999,42181099999,VIDD"
"delhi, India",2021-08-03,33.5,27,30,43.8,31.8,37.8,26.7,83.7,0.075,100,4.17,rain,0,0,35.6,24.1,75.2,999.9,65.2,3.2,228,19.8,8,,2021-08-03T05:43:40,2021-08-03T19:10:41,0.83,"Rain, Partially cloudy",Partly cloudy throughout the day with afternoon rain.,rain,"42182099999,42176099999,VIDP,42139099999,42181099999"
"delhi, India",2021-08-04,34,27.7,30.6,44.1,32.6,38.5,26.3,78.5,0,0,0,,0,0,37.8,18.4,98.1,1000.7,57.5,3.9,247.3,21.4,8,,2021-08-04T05:44:14,2021-08-04T19:09:56,0.86,Partially cloudy,Partly cloudy throughout the day.,partly-cloudy-day,"42182099999,42176099999,VIDP,42139099999,42181099999"
"delhi, India",2021-08-05,34.8,27,30.7,46.5,31.2,39.4,26.8,80.5,0,0,0,,0,0,20.5,18.4,72,1000.5,64.8,3.3,217.6,18.7,7,,2021-08-05T05:44:47,2021-08-05T19:09:10,0.89,Partially cloudy,Partly cloudy throughout the day.,partly-cloudy-day,"42182099999,42176099999,VIDP,42139099999,42181099999,VIDD"
"delhi, India",2021-08-06,35.7,28,31.2,45.6,33.5,39.9,26.7,78.2,0,0,0,,0,0,22,9.4,62.5,1000.3,74,3.1,245.2,21.3,8,,2021-08-06T05:45:21,2021-08-06T19:08:24,0.93,Partially cloudy,Partly cloudy throughout the day.,partly-cloudy-day,"42182099999,42176099999,VIDP,42139099999,42181099999,VIDD"
"delhi, India",2021-08-07,32.2,28,29.5,44.1,32.7,37.9,27.1,87.3,4.343,100,8.33,rain,0,0,21.2,13,48.8,1002.1,86.6,3.1,161.3,13.9,6,,2021-08-07T05:45:54,2021-08-07T19:07:36,0.96,"Rain, Partially cloudy",Partly cloudy throughout the day with rain in the morning and afternoon.,rain,"42182099999,42176099999,VIDP,42139099999,42181099999"
"delhi, India",2021-08-08,32.3,26.8,28.2,44.1,30.8,34.4,26.7,91.8,12.208,100,4.17,rain,0,0,33.5,16.6,261.6,1003.5,88.9,2.7,184.9,15.7,8,,2021-08-08T05:46:28,2021-08-08T19:06:47,0,"Rain, Partially cloudy",Partly cloudy throughout the day with afternoon rain.,rain,"42182099999,42176099999,VIDP,42139099999,42181099999"
"delhi, India",2021-08-09,33.3,26,29,46.2,26,36.1,27,89.2,0,0,0,,0,0,28.4,13,103.6,1003.7,83.4,2.5,206.7,17.8,6,,2021-08-09T05:47:01,2021-08-09T19:05:57,0.02,Partially cloudy,Partly cloudy throughout the day.,partly-cloudy-day,"42182099999,42176099999,VIDP,42139099999,42181099999"
"delhi, India",2021-08-10,35.6,26,31,48.7,26,38.6,26.1,76.8,0,0,0,,0,0,34.9,22.3,246,1002,55,3.4,266.5,23.1,9,,2021-08-10T05:47:34,2021-08-10T19:05:05,0.06,Partially cloudy,Partly cloudy throughout the day.,partly-cloudy-day,"42182099999,42176099999,VIDP,42139099999,42181099999,VIDD"
"delhi, India",2021-08-11,35.5,28,31.2,43.5,33.4,38.2,25.3,72.4,0,0,0,,0,0,41.4,25.9,278.2,1002.2,35.7,4.1,285.4,24.7,9,,2021-08-11T05:48:07,2021-08-11T19:04:13,0.1,Partially cloudy,Partly cloudy throughout the day.,partly-cloudy-day,"42182099999,42176099999,VIDP,42139099999,42181099999,VIDD"
"delhi, India",2021-08-12,35.5,28.3,32,44.9,32.4,39.3,25.1,67.6,0,0,0,,0,0,32.4,20.5,274.6,1003.4,38.9,4.1,273.7,23.6,9,,2021-08-12T05:48:40,2021-08-12T19:03:20,0.13,Partially cloudy,Partly cloudy throughout the day.,partly-cloudy-day,"42182099999,42176099999,VIDP,42139099999,42181099999"
"delhi, India",2021-08-13,35.8,28,32.1,48.7,32.7,39.7,25.2,67.8,0,0,0,,0,0,37.1,18.4,275.9,1001.8,46.8,3.9,260.3,22.5,8,,2021-08-13T05:49:13,2021-08-13T19:02:26,0.17,Partially cloudy,Partly cloudy throughout the day.,partly-cloudy-day,"42182099999,42176099999,VIDP,42139099999,42181099999,VIDD"
"delhi, India",2021-08-14,36.1,28,32,44.1,31.9,38.6,24.6,66,0,0,0,,0,0,35.3,18.7,271.8,999.8,39,4,255.5,22.2,8,,2021-08-14T05:49:46,2021-08-14T19:01:31,0.2,Partially cloudy,Partly cloudy throughout the day.,partly-cloudy-day,"42182099999,42176099999,VIDP,42139099999,42181099999"
"delhi, India",2021-08-15,36.5,29,32.1,43.2,33.7,38.1,24.1,63.8,0,0,0,,0,0,33.5,18.4,272.7,1001.1,37.1,4.1,264.8,23,9,,2021-08-15T05:50:18,2021-08-15T19:00:35,0.25,Partially cloudy,Partly cloudy throughout the day.,partly-cloudy-day,"42182099999,42176099999,VIDP,42139099999,42181099999,VIDD"
"delhi, India",2021-08-16,37,29,32.8,44.5,34.3,40.4,25.1,65.5,0,0,0,,0,0,30.6,16.7,275.7,1004.3,28.6,3.9,263.7,22.8,9,,2021-08-16T05:50:50,2021-08-16T18:59:38,0.28,Partially cloudy,Partly cloudy throughout the day.,partly-cloudy-day,"42182099999,42176099999,VIDP,42139099999,42181099999"
"delhi, India",2021-08-17,37.7,30,33.1,47.6,37.4,42.4,26.2,68.2,0,0,0,,0,0,25.9,16.6,276.1,1004.1,37.3,3.7,261.8,22.6,8,,2021-08-17T05:51:23,2021-08-17T18:58:41,0.31,Partially cloudy,Partly cloudy throughout the day.,partly-cloudy-day,"42182099999,42176099999,VIDP,42139099999,42181099999"
"delhi, India",2021-08-18,37.6,29,33,44.9,36.7,40.9,25.3,65.9,0,0,0,,0,0,33.5,14.8,286.6,1002.2,44.7,3.6,261.1,22.6,8,,2021-08-18T05:51:55,2021-08-18T18:57:42,0.35,Partially cloudy,Partly cloudy throughout the day.,partly-cloudy-day,"42182099999,42176099999,VIDP,42139099999,42181099999,VIDD"
"delhi, India",2021-08-19,36,29.7,32.3,45.3,37.2,41,26.1,70.9,0,0,0,,0,0,26.6,13,102.1,1001.2,60.9,3.2,234.9,20.3,8,,2021-08-19T05:52:26,2021-08-19T18:56:43,0.38,Partially cloudy,Partly cloudy throughout the day.,partly-cloudy-day,"42182099999,42176099999,VIDP,42139099999,42181099999,VIDD"
"delhi, India",2021-08-20,31,26,27.8,42.4,26,32.6,26.3,91.6,9.253,100,8.33,rain,0,0,33.5,18.4,96.1,1003.7,84.3,2.9,92.3,8,4,,2021-08-20T05:52:58,2021-08-20T18:55:42,0.42,"Rain, Partially cloudy",Partly cloudy throughout the day with rain in the morning and afternoon.,rain,"42182099999,42176099999,VIDP,42139099999,42181099999"
"delhi, India",2021-08-21,31,25,27.4,46.5,25,32.3,26.6,95.3,130.98,100,20.83,rain,0,0,36.7,18.4,100.7,1005.3,96.7,2.6,86.5,7.4,4,,2021-08-21T05:53:30,2021-08-21T18:54:42,0.46,"Rain, Overcast",Cloudy skies throughout the day with rain.,rain,"42182099999,42176099999,VIDP,42139099999,42181099999"
"delhi, India",2021-08-22,34,26,29.4,47.3,26,37.2,27,87.3,0,0,0,,0,0,28.1,14.8,117.4,1005.2,76.3,3,156.4,13.4,6,,2021-08-22T05:54:01,2021-08-22T18:53:40,0.5,Partially cloudy,Partly cloudy throughout the day.,partly-cloudy-day,"42182099999,42176099999,VIDP,42139099999,42181099999"
"delhi, India",2021-08-23,34.2,28,30.5,47.3,35.3,40.5,27.7,85.5,2.552,100,8.33,rain,0,0,20.9,11.2,256.9,1002.8,70.1,3.3,208.5,18,7,,2021-08-23T05:54:32,2021-08-23T18:52:37,0.52,"Rain, Partially cloudy",Partly cloudy throughout the day with rain clearing later.,rain,"42182099999,42176099999,VIDP,42139099999,42181099999"
"delhi, India",2021-08-24,34,28.9,31.3,47.9,36.8,42.4,27.8,82.1,0,0,0,,0,0,25.6,14.8,268.7,1001.5,72.4,3.3,122.1,10.3,6,,2021-08-24T05:55:03,2021-08-24T18:51:34,0.56,Partially cloudy,Partly cloudy throughout the day.,partly-cloudy-day,"42182099999,42176099999,VIDP,42139099999,42181099999"
"delhi, India",2021-08-25,36,29,32.2,46.3,36.4,40.6,25.9,70.6,0,0,0,,0,0,45,28.2,239.2,999.6,54,3.5,259.5,22.3,9,,2021-08-25T05:55:34,2021-08-25T18:50:30,0.59,Partially cloudy,Partly cloudy throughout the day.,partly-cloudy-day,"42182099999,42176099999,VIDP,42139099999,42181099999,VIDD"
"delhi, India",2021-08-26,34.7,28,30.9,40.6,31.9,36,23.8,66.5,0,0,0,,0,0,39.2,21.5,247.8,999,40.8,3.8,246.2,21.4,9,,2021-08-26T05:56:05,2021-08-26T18:49:26,0.62,Partially cloudy,Partly cloudy throughout the day.,partly-cloudy-day,"42182099999,42176099999,VIDP,42139099999,42181099999"
"delhi, India",2021-08-27,35.3,27.5,31.2,42,30.7,36.7,24,66.6,0,0,0,,0,0,30.6,18.4,228.2,1001,42.3,3.9,225.1,19.2,8,,2021-08-27T05:56:36,2021-08-27T18:48:21,0.65,Partially cloudy,Partly cloudy throughout the day.,partly-cloudy-day,"42182099999,42176099999,VIDP,42139099999,42181099999,VIDD"
"delhi, India",2021-08-28,35,28,31,42.1,32.7,37.4,24.8,70.8,0,0,0,,0,0,23,14.8,96,1001.8,63.5,3.6,195.6,16.9,7,,2021-08-28T05:57:06,2021-08-28T18:47:15,0.69,Partially cloudy,Partly cloudy throughout the day.,partly-cloudy-day,"42182099999,42176099999,VIDP,42139099999,42181099999"
"delhi, India",2021-08-29,34,27,30.1,44.1,31.2,38.1,26.6,82.7,0,0,0,,0,0,22,14.8,112.7,1002.7,65.4,3.3,194.2,16.7,6,,2021-08-29T05:57:37,2021-08-29T18:46:09,0.72,Partially cloudy,Partly cloudy throughout the day.,partly-cloudy-day,"42182099999,42176099999,VIDP,42139099999,42181099999"
"delhi, India",2021-08-30,33,26,29.4,45.7,26,36.3,26.3,83.8,0,0,0,,0,0,25.9,14.8,112.2,1005.8,62.1,3.5,214,18.4,8,,2021-08-30T05:58:07,2021-08-30T18:45:02,0.75,Partially cloudy,Partly cloudy throughout the day.,partly-cloudy-day,"42182099999,42176099999,VIDP,42139099999,42181099999,VIDD,remote"
"delhi, India",2021-08-31,28,24,26.7,35.6,24,30.2,26,96.1,78.026,100,8.33,rain,0,0,36,14.8,103.3,1007.9,86.9,2.8,178.7,15.6,7,,2021-08-31T05:58:37,2021-08-31T18:43:55,0.78,"Rain, Partially cloudy",Partly cloudy throughout the day with rain in the morning and afternoon.,rain,"42182099999,42176099999,VIDP,42139099999,42181099999,VIDD"
"delhi, India",2021-09-01,27,23,25.7,31.2,23,26.6,25.4,98.2,104.598,100,12.5,rain,0,0,22,20.5,60.3,1007.4,94.9,2.6,87,7.4,4,,2021-09-01T05:59:07,2021-09-01T18:42:47,0.81,"Rain, Overcast",Cloudy skies throughout the day with rain in the morning and afternoon.,rain,"42182099999,42176099999,VIDP,42139099999,42181099999"
"delhi, India",2021-09-02,32,24,27.7,46.2,24,32.9,26.2,92.4,39.76,100,4.17,rain,0,0,23.4,13,96.8,1005.1,86.2,2.8,193.3,16.7,7,,2021-09-02T05:59:37,2021-09-02T18:41:39,0.85,"Rain, Partially cloudy",Partly cloudy throughout the day with morning rain.,rain,"42182099999,42176099999,VIDP,42139099999,42181099999"
"delhi, India",2021-09-03,34,26,29.3,43.8,26,34.9,26.1,84.3,5.231,100,12.5,rain,0,0,29.2,14.8,144.4,1003.5,82.9,3.3,181.8,15.7,7,,2021-09-03T06:00:07,2021-09-03T18:40:30,0.88,"Rain, Partially cloudy",Partly cloudy throughout the day with rain.,rain,"42182099999,42176099999,VIDP,42139099999,42181099999,VIDD"
"delhi, India",2021-09-04,32,26,28.1,44.1,26,32.9,26.2,89.7,0,0,0,,0,0,33.5,14.8,156.4,1003.4,79.7,3.5,144.2,12.4,5,,2021-09-04T06:00:36,2021-09-04T18:39:21,0.91,Partially cloudy,Partly cloudy throughout the day.,partly-cloudy-day,"42182099999,42176099999,VIDP,42139099999,42181099999,VIDD"
"delhi, India",2021-09-05,33.6,26.7,30,44.2,30.1,38,26.6,82.8,0.448,100,4.17,rain,0,0,18.7,11.4,185,1003.3,68.8,3.5,191.4,16.5,8,,2021-09-05T06:01:06,2021-09-05T18:38:12,0.94,"Rain, Partially cloudy",Partly cloudy throughout the day with afternoon rain.,rain,"42182099999,42176099999,VIDP,42139099999,42181099999,VIDD"
"delhi, India",2021-09-06,35,28,31.1,50.4,34.4,41.8,27.8,83.2,5.104,100,4.17,rain,0,0,18,10.8,103.5,1004.7,65.1,3.3,220.1,18.9,7,,2021-09-06T06:01:36,2021-09-06T18:37:02,0.98,"Rain, Partially cloudy",Partly cloudy throughout the day with afternoon rain.,rain,"42182099999,42176099999,VIDP,42139099999,42181099999,VIDD"
"delhi, India",2021-09-07,33.2,27,29.8,44.3,30.6,38.5,27.3,86.8,4.403,100,4.17,rain,0,0,30.6,16.6,95.2,1006,78.4,3.2,154.3,13.2,6,,2021-09-07T06:02:05,2021-09-07T18:35:51,0,"Rain, Partially cloudy",Partly cloudy throughout the day with late afternoon rain.,rain,"42182099999,42176099999,VIDP,42139099999,42181099999,VIDD"
"delhi, India",2021-09-08,32.4,27,29.4,42.3,31.8,36.2,26.3,84.3,0,0,0,,0,0,43.6,18.4,89.9,1005.1,69.9,3.6,184.9,16.1,7,,2021-09-08T06:02:34,2021-09-08T18:34:41,0.04,Partially cloudy,Partly cloudy throughout the day.,partly-cloudy-day,"42182099999,42176099999,VIDP,42139099999,42181099999,VIDD"
"delhi, India",2021-09-09,33.3,27.9,29.8,46.2,33.2,37.9,26.7,84.2,4.253,100,4.17,rain,0,0,34.9,17.8,90.2,1003.9,72.9,3.3,166.7,14.3,8,,2021-09-09T06:03:04,2021-09-09T18:33:30,0.08,"Rain, Partially cloudy",Partly cloudy throughout the day with afternoon rain.,rain,"42182099999,42176099999,VIDP,42139099999,42181099999,remote"
"delhi, India",2021-09-10,32.6,25,28.3,46.2,25,34.4,26.6,91,11.135,100,12.5,rain,0,0,40.7,20.5,85.6,1003.8,88.6,2.9,168.9,14.6,6,,2021-09-10T06:03:33,2021-09-10T18:32:19,0.12,"Rain, Partially cloudy",Partly cloudy throughout the day with rain.,rain,"42182099999,42176099999,VIDP,42139099999,42181099999"
"delhi, India",2021-09-11,26.2,24,25.1,26.2,24,25.1,24.7,98,127.15,100,20.83,rain,0,0,38.2,18.4,87.2,1003.9,97.1,2.1,75.5,6.5,4,,2021-09-11T06:04:02,2021-09-11T18:31:08,0.15,"Rain, Overcast",Cloudy skies throughout the day with a chance of rain throughout the day.,rain,"42182099999,42176099999,VIDP,42139099999,42181099999"
"delhi, India",2021-09-12,32.9,24,26.8,44.1,24,30.5,25.8,94.6,0.979,100,4.17,rain,0,0,37.1,18.4,110.2,1002.3,91.1,2.9,129.8,11.1,6,,2021-09-12T06:04:32,2021-09-12T18:29:56,0.19,"Rain, Overcast",Cloudy skies throughout the day with afternoon rain.,rain,"42182099999,42176099999,VIDP,42139099999,42181099999"
"delhi, India",2021-09-13,33,25,27.6,44.1,25,32.1,26.4,93.5,1.851,100,4.17,rain,0,0,51.8,23.6,105,1002.5,83.7,2.6,145.6,12.6,6,,2021-09-13T06:05:01,2021-09-13T18:28:44,0.22,"Rain, Partially cloudy",Partly cloudy throughout the day with afternoon rain.,rain,"42182099999,42176099999,VIDP,42139099999,42181099999"
"delhi, India",2021-09-14,34.7,24,28.8,47.9,24,34.6,25.9,85.6,0.747,100,8.33,rain,0,0,39.6,20.3,50.2,1004.7,75.1,3.1,207.7,17.8,7,,2021-09-14T06:05:30,2021-09-14T18:27:33,0.25,"Rain, Partially cloudy",Partly cloudy throughout the day with rain.,rain,"42182099999,42176099999,VIDP,42139099999,42181099999,VIDD"
"delhi, India",2021-09-15,34.6,25.8,29.7,47.2,25.8,36,25.9,80.6,0,0,0,,0,0,31.7,18.4,120.1,1005.7,59.8,4.4,203,17.5,7,,2021-09-15T06:05:59,2021-09-15T18:26:21,0.29,Partially cloudy,Partly cloudy throughout the day.,partly-cloudy-day,"42182099999,42176099999,VIDP,42139099999,42181099999,VIDD"
"delhi, India",2021-09-16,29,24,26.2,38.2,24,28.3,25.1,93.7,12.104,100,8.33,rain,0,0,26.3,11.2,135.1,1004.7,83.6,3.3,168.1,14.5,8,,2021-09-16T06:06:29,2021-09-16T18:25:09,0.33,"Rain, Partially cloudy",Partly cloudy throughout the day with morning rain.,rain,"42182099999,42176099999,VIDP,42139099999,42181099999,VIDD"
"delhi, India",2021-09-17,31.4,24.7,27.7,40.6,24.7,31.4,24.6,83.6,0,0,0,,0,0,44.3,16.6,67.2,1003.7,83.9,3.7,132,11.5,5,,2021-09-17T06:06:58,2021-09-17T18:23:56,0.37,Partially cloudy,Partly cloudy throughout the day.,partly-cloudy-day,"42182099999,42176099999,VIDP,42139099999,42181099999"
"delhi, India",2021-09-18,33.5,25,28.6,46.2,25,34,25.8,85.1,0,0,0,,0,0,36.7,14.8,93.8,1005.5,62.7,3.4,209.3,18,7,,2021-09-18T06:07:28,2021-09-18T18:22:44,0.4,Partially cloudy,Partly cloudy throughout the day.,partly-cloudy-day,"42182099999,42176099999,VIDP,42139099999,42181099999"
"delhi, India",2021-09-19,33.9,26,29.9,44.7,26,36.7,26,80.3,0,0,0,,0,0,29.5,14.8,122.7,1007.2,45,3.8,195.9,16.6,7,,2021-09-19T06:07:57,2021-09-19T18:21:32,0.44,Partially cloudy,Partly cloudy throughout the day.,partly-cloudy-day,"42182099999,42176099999,VIDP,42139099999,42181099999,VIDD"
"delhi, India",2021-09-20,34.7,27,30.1,44,31,37.4,26.2,80.9,0,0,0,,0,0,25.6,14.8,127.3,1006.3,49.8,3.5,207.3,18,7,,2021-09-20T06:08:27,2021-09-20T18:20:20,0.47,Partially cloudy,Partly cloudy throughout the day.,partly-cloudy-day,"42182099999,42176099999,VIDP,42139099999,42181099999,VIDD"
"delhi, India",2021-09-21,35.1,27,29.6,45.7,30.6,36.8,26.2,82.8,3.403,100,4.17,rain,0,0,29.5,14.8,126.5,1005.2,60.9,3.8,195,16.7,7,,2021-09-21T06:08:56,2021-09-21T18:19:07,0.5,"Rain, Partially cloudy",Partly cloudy throughout the day with afternoon rain.,rain,"42182099999,42176099999,VIDP,42139099999,42181099999"
"delhi, India",2021-09-22,31.2,25,27.5,37.9,25,31.4,25.6,89.4,0.119,100,4.17,rain,0,0,33.5,15.5,106.7,1005,87.9,3.4,117.2,10.2,6,,2021-09-22T06:09:26,2021-09-22T18:17:55,0.54,"Rain, Partially cloudy",Partly cloudy throughout the day with morning rain.,rain,"42182099999,42176099999,VIDP,42139099999,42181099999"
"delhi, India",2021-09-23,32.2,25,27.9,44.3,25,32.1,25.4,87,0.766,100,4.17,rain,0,0,33.5,16.6,120,1006.5,78.5,3.4,182.2,15.7,7,,2021-09-23T06:09:56,2021-09-23T18:16:43,0.57,"Rain, Partially cloudy",Partly cloudy throughout the day with late afternoon rain.,rain,"42182099999,42176099999,VIDP,42139099999,42181099999,remote"
"delhi, India",2021-09-24,34,25,28.2,43.5,25,32.6,25.4,85.4,3.403,100,4.17,rain,0,0,39.2,14.8,81.5,1007.5,76.4,3.4,168.3,14.8,7,,2021-09-24T06:10:26,2021-09-24T18:15:31,0.61,"Rain, Partially cloudy",Partly cloudy throughout the day with afternoon rain.,rain,"42182099999,42176099999,VIDP,42139099999,42181099999"
"delhi, India",2021-09-25,32.4,25.5,28.7,40.8,25.5,33.7,25.8,84.8,0,0,0,,0,0,24.8,9.4,66.6,1006.3,70.6,3.2,210.4,18.2,8,,2021-09-25T06:10:56,2021-09-25T18:14:19,0.64,Partially cloudy,Partly cloudy throughout the day.,partly-cloudy-day,"42182099999,42176099999,VIDP,42139099999,42181099999"
"delhi, India",2021-09-26,32.8,25,28.1,42.3,25,32.9,25.9,88.6,0,0,0,,0,0,32.4,14.8,73.7,1006.1,78.8,2.7,175.7,15.4,7,,2021-09-26T06:11:27,2021-09-26T18:13:08,0.67,Partially cloudy,Partly cloudy throughout the day.,partly-cloudy-day,"42182099999,42176099999,VIDP,42139099999,42181099999"
"delhi, India",2021-09-27,33.6,26,29.6,42.1,26,36,26.1,82.3,0,0,0,,0,0,24.5,9.4,76.3,1006.5,61.1,2.9,210.7,18.2,7,,2021-09-27T06:11:57,2021-09-27T18:11:56,0.7,Partially cloudy,Partly cloudy throughout the day.,partly-cloudy-day,"42182099999,42176099999,VIDP,42139099999,42181099999"
"delhi, India",2021-09-28,34.1,26,30.3,44.5,26,37.6,26.2,79.9,0,0,0,,0,0,34.9,16.6,88.3,1007.1,52.3,3.6,206.8,17.9,7,,2021-09-28T06:12:28,2021-09-28T18:10:45,0.74,Partially cloudy,Partly cloudy throughout the day.,partly-cloudy-day,"42182099999,42176099999,VIDP,42139099999,42181099999"
"delhi, India",2021-09-29,34.4,27,30.1,43.7,31.2,37.2,26,79.6,0,0,0,,0,0,38.2,16.6,86.7,1008.5,56.8,3.9,211.5,18.2,8,,2021-09-29T06:12:59,2021-09-29T18:09:34,0.75,Partially cloudy,Partly cloudy throughout the day.,partly-cloudy-day,"42182099999,42176099999,VIDP,42139099999,42181099999"
"delhi, India",2021-09-30,34.3,26,29.7,43.8,26,36.4,25.9,80.6,0,0,0,,0,0,22,11.2,119.5,1009.7,55.1,3.4,202.9,17.4,7,,2021-09-30T06:13:30,2021-09-30T18:08:23,0.8,Partially cloudy,Partly cloudy throughout the day.,partly-cloudy-day,"42182099999,42176099999,VIDP,42139099999,42181099999"
"delhi, India",2021-10-01,33,27,29.6,42.3,30.1,36.5,25.9,81.1,1.701,100,4.17,rain,0,0,37.1,11.8,223,1009.2,48.7,3,198.6,17.2,7,,2021-10-01T06:14:01,2021-10-01T18:07:13,0.83,"Rain, Partially cloudy",Partly cloudy throughout the day with afternoon rain.,rain,"42182099999,42176099999,VIDP,42139099999,42181099999,VIDD"
"delhi, India",2021-10-02,34.9,27,30.3,43.5,31.5,37.6,26.2,80.5,0,0,0,,0,0,24.8,14.8,291,1007.9,43.7,3.4,193.6,16.6,7,,2021-10-02T06:14:33,2021-10-02T18:06:03,0.86,Partially cloudy,Partly cloudy throughout the day.,partly-cloudy-day,"42182099999,42176099999,VIDP,42139099999,42181099999"
"delhi, India",2021-10-03,35.7,27,30.2,47.3,31.2,37.4,25.9,79,0.851,100,4.17,rain,0,0,33.5,18.3,254.4,1005.9,52.6,3.7,199.2,17,7,,2021-10-03T06:15:05,2021-10-03T18:04:53,0.9,"Rain, Partially cloudy",Partly cloudy throughout the day with late afternoon rain.,rain,"42182099999,42176099999,VIDP,42139099999,42181099999"
"delhi, India",2021-10-04,35.9,26.8,30.6,42.4,30.1,36,24.6,72.5,0,0,0,,0,0,23.4,14.8,245.9,1005.7,61.2,3.9,211.5,18.2,8,,2021-10-04T06:15:37,2021-10-04T18:03:44,0.93,Partially cloudy,Partly cloudy throughout the day.,partly-cloudy-day,"42182099999,42176099999,VIDP,42139099999,42181099999"
"delhi, India",2021-10-05,34.9,27,29.8,42.9,30.1,34.9,24.5,74.3,0.851,100,4.17,rain,0,0,19.4,16.6,246.9,1008.2,73.1,3.6,183.3,15.9,7,,2021-10-05T06:16:09,2021-10-05T18:02:35,0.96,"Rain, Partially cloudy",Partly cloudy throughout the day with afternoon rain.,rain,"42182099999,42176099999,VIDP,42139099999,42181099999,VIDD"
"delhi, India",2021-10-06,34.6,26,29.5,40.5,26,33.3,24.6,76.9,0,0,0,,0,0,22,14.1,254.4,1008.6,51.5,3.5,206.7,17.8,7,,2021-10-06T06:16:42,2021-10-06T18:01:26,0,Partially cloudy,Partly cloudy throughout the day.,partly-cloudy-day,"42182099999,42176099999,VIDP,42139099999,42181099999,VIDD"
"delhi, India",2021-10-07,33.7,25.3,28.8,38.2,25.3,31.9,23.4,74.7,0,0,0,,0,0,24.5,16.6,281.9,1007.3,27.2,3.1,222.9,19.4,8,,2021-10-07T06:17:15,2021-10-07T18:00:18,0.03,Partially cloudy,Partly cloudy throughout the day.,partly-cloudy-day,"42182099999,42176099999,VIDP,42139099999,42181099999"
"delhi, India",2021-10-08,34.9,24.6,28.9,37,24.6,30,21.2,67,0,0,0,,0,0,23,18.4,274.7,1006.2,1.3,3.4,224.5,19.3,8,,2021-10-08T06:17:48,2021-10-08T17:59:11,0.06,Clear,Clear conditions throughout the day.,clear-day,"42182099999,42176099999,VIDP,42139099999,42181099999"
"delhi, India",2021-10-09,35.6,23.8,29.2,36.5,23.8,29.8,19.7,61.2,0,0,0,,0,0,20.2,14.8,266.9,1006.4,0.3,3.5,227.7,19.7,8,,2021-10-09T06:18:22,2021-10-09T17:58:04,0.1,Clear,Clear conditions throughout the day.,clear-day,"42182099999,42176099999,VIDP,42139099999,42181099999"
"delhi, India",2021-10-10,35.7,23.9,29.2,37.3,23.9,29.9,19.6,60.4,0,0,0,,0,0,16.9,14.8,266.4,1007,0.3,3.7,224.9,19.4,8,,2021-10-10T06:18:56,2021-10-10T17:56:57,0.13,Clear,Clear conditions throughout the day.,clear-day,"42182099999,42176099999,VIDP,42139099999,42181099999"
"delhi, India",2021-10-11,36.5,23.8,29.5,38.4,23.8,30,19,57.8,0,0,0,,0,0,19.1,11.2,295.2,1006.6,6.8,4.1,226.4,19.6,8,,2021-10-11T06:19:30,2021-10-11T17:55:52,0.17,Clear,Clear conditions throughout the day.,clear-day,"42182099999,42176099999,VIDP,42139099999,42181099999"
"delhi, India",2021-10-12,35.9,23.8,29,36.5,23.8,29.2,19,60.3,0,0,0,,0,0,19.1,13,298.5,1006.9,0.7,3.5,225.7,19.5,8,,2021-10-12T06:20:05,2021-10-12T17:54:47,0.21,Clear,Clear conditions throughout the day.,clear-day,"42182099999,42176099999,VIDP,42139099999,42181099999"
"delhi, India",2021-10-13,33.5,22.7,28,32.6,22.7,27.8,15.9,51.7,0,0,0,,0,0,29.2,18.4,307.4,1007.9,0,3.2,230.3,19.9,8,,2021-10-13T06:20:40,2021-10-13T17:53:42,0.25,Clear,Clear conditions throughout the day.,clear-day,"42182099999,42176099999,VIDP,42139099999,42181099999"
"delhi, India",2021-10-14,33.5,20,26,32,20,25.7,14.6,55,0,0,0,,0,0,37.1,20.5,290.1,1007.6,0,3.2,227.8,19.8,8,,2021-10-14T06:21:15,2021-10-14T17:52:38,0.28,Clear,Clear conditions throughout the day.,clear-day,"42182099999,42176099999,VIDP,42139099999,42181099999,remote"
"delhi, India",2021-10-15,33.8,20,26.3,34.5,20,26.4,16.8,59.2,0,0,0,,0,0,20.2,10.5,249.2,1005.5,0,3.2,223.2,19.2,8,,2021-10-15T06:21:51,2021-10-15T17:51:35,0.31,Clear,Clear conditions throughout the day.,clear-day,"42182099999,42176099999,VIDP,42139099999,42181099999,VIDD"
"delhi, India",2021-10-16,33.4,21.3,27.3,37.7,21.3,28.1,19.7,66.1,0,0,0,,0,0,17.6,7.6,302.5,1005.7,9.4,2.3,216.8,18.7,8,,2021-10-16T06:22:27,2021-10-16T17:50:33,0.35,Clear,Clear conditions throughout the day.,clear-day,"42182099999,42176099999,VIDP,42139099999,42181099999"
"delhi, India",2021-10-17,30,22,25,36.2,22,25.9,22.6,87.2,44.491,100,16.67,rain,0,0,46.4,27.7,65.1,1007.5,86.9,2.2,149.3,13,5,,2021-10-17T06:23:04,2021-10-17T17:49:31,0.38,"Rain, Partially cloudy",Partly cloudy throughout the day with rain.,rain,"42182099999,42176099999,VIDP,42139099999,42181099999,VIDD"
"delhi, India",2021-10-18,23.3,20,21.9,23.3,20,21.9,21,94.9,41.652,100,16.67,rain,0,0,26.6,14.8,17.1,1006.6,88,2.9,34,2.9,2,,2021-10-18T06:23:41,2021-10-18T17:48:30,0.42,"Rain, Partially cloudy",Partly cloudy throughout the day with rain clearing later.,rain,"42182099999,42176099999,VIDP,42139099999,42181099999"
"delhi, India",2021-10-19,30.6,20.9,24.7,33,20.9,25.6,21.3,82.4,0,0,0,,0,0,33.5,20.5,280.6,1007.8,37.4,3.3,201.9,17.4,7,,2021-10-19T06:24:18,2021-10-19T17:47:30,0.45,Partially cloudy,Partly cloudy throughout the day.,partly-cloudy-day,"42182099999,42176099999,VIDP,42139099999,42181099999"
"delhi, India",2021-10-20,31,21,25.2,32.2,21,25.4,19.4,73.2,0,0,0,,0,0,27.7,16.6,267.4,1010.9,6.9,3,215.3,18.5,8,,2021-10-20T06:24:56,2021-10-20T17:46:31,0.5,Clear,Clear conditions throughout the day.,clear-day,"42182099999,42176099999,VIDP,42139099999,42181099999"
"delhi, India",2021-10-21,32,17.9,24.8,30.7,17.9,24.6,14.2,55.7,0,0,0,,0,0,33.5,18.3,281.2,1010.6,1.3,3.6,220.2,19,8,,2021-10-21T06:25:34,2021-10-21T17:45:33,0.52,Clear,Clear conditions throughout the day.,clear-day,"42182099999,42176099999,VIDP,42139099999,42181099999,VIDD"
"delhi, India",2021-10-22,32,18.9,25.3,33.2,18.9,25.7,16.8,60.6,0,0,0,,0,0,33.1,18.4,245.6,1010.7,0,3.8,215,18.5,8,,2021-10-22T06:26:13,2021-10-22T17:44:35,0.55,Clear,Clear conditions throughout the day.,clear-day,"42182099999,42176099999,VIDP,42139099999,42181099999"
"delhi, India",2021-10-23,31.7,19.8,25.1,32.7,19.8,25.2,17.7,66.8,0,0,0,,0,0,20.9,13,119.8,1012.4,25,3.5,208.8,18.1,8,,2021-10-23T06:26:52,2021-10-23T17:43:39,0.59,Partially cloudy,Partly cloudy throughout the day.,partly-cloudy-day,"42182099999,42176099999,VIDP,42139099999,42181099999"
"delhi, India",2021-10-24,30.5,19,23.8,31.8,19,24,18.2,73.5,23.714,100,8.33,rain,0,0,28.8,18.4,88.2,1013.9,77,3.1,161.3,13.9,7,,2021-10-24T06:27:32,2021-10-24T17:42:44,0.62,"Rain, Partially cloudy",Partly cloudy throughout the day with rain.,rain,"42182099999,42176099999,VIDP,42139099999,42181099999"
"delhi, India",2021-10-25,28,17.4,22.3,28.6,17.4,22.4,18,78.7,0,0,0,,0,0,22.7,18.4,305.5,1014.7,24.5,3.2,188.3,16.2,7,,2021-10-25T06:28:12,2021-10-25T17:41:49,0.65,Partially cloudy,Clearing in the afternoon.,partly-cloudy-day,"42182099999,42176099999,VIDP,42139099999,42181099999"
"delhi, India",2021-10-26,27.2,17.6,22.2,27.6,17.6,22.3,16.2,71.7,0,0,0,,0,0,26.6,18.4,278,1014,0,2.8,208.5,18.1,8,,2021-10-26T06:28:52,2021-10-26T17:40:56,0.69,Clear,Clear conditions throughout the day.,clear-day,"42182099999,42176099999,VIDP,42139099999,42181099999"
"delhi, India",2021-10-27,28,16.3,22,27.8,16.3,22,15.3,68.7,0,0,0,,0,0,26.3,14.8,260.9,1015.6,0,2.5,207,18,7,,2021-10-27T06:29:33,2021-10-27T17:40:03,0.72,Clear,Clear conditions throughout the day.,clear-day,"42182099999,42176099999,VIDP,42139099999,42181099999,VIDD"
"delhi, India",2021-10-28,27.9,16.4,21.9,27.5,16.4,21.9,14.6,67.3,0,0,0,,0,0,24.5,13,267.6,1015.7,0,2.9,206.8,18,8,,2021-10-28T06:30:14,2021-10-28T17:39:12,0.75,Clear,Clear conditions throughout the day.,clear-day,"42182099999,42176099999,VIDP,42139099999,42181099999"
"delhi, India",2021-10-29,29,16.5,22.5,29.1,16.5,22.5,15.7,68,0,0,0,,0,0,19.1,9.4,318.5,1017,0,2.5,206,18,7,,2021-10-29T06:30:56,2021-10-29T17:38:22,0.75,Clear,Clear conditions throughout the day.,clear-day,"42182099999,42176099999,VIDP,42139099999,42181099999,VIDD"
"delhi, India",2021-10-30,29.3,16.8,22.3,28.5,16.8,22.3,14.5,64.3,0,0,0,,0,0,32.8,16.6,287.2,1016.5,0,2.6,207.1,18,8,,2021-10-30T06:31:38,2021-10-30T17:37:33,0.82,Clear,Clear conditions throughout the day.,clear-day,"42182099999,42176099999,VIDP,42139099999,42181099999"
"delhi, India",2021-10-31,29,17.7,22.5,28.7,17.7,22.5,15.1,64.8,0,0,0,,0,0,26.6,12.7,260,1014.4,1.3,2.8,203.8,17.7,7,,2021-10-31T06:32:21,2021-10-31T17:36:45,0.85,Clear,Clear conditions throughout the day.,clear-day,"42182099999,42176099999,VIDP,42139099999,42181099999"
"delhi, India",2021-11-01,30.2,15.6,22.1,29.1,15.6,21.9,13.1,60.9,0,0,0,,0,0,19.4,11.2,114.8,1013.8,0,2.9,201.4,17.3,7,,2021-11-01T06:33:04,2021-11-01T17:35:58,0.88,Clear,Clear conditions throughout the day.,clear-day,"42182099999,42176099999,VIDP,42139099999,42181099999"
"delhi, India",2021-11-02,29.2,16.2,22.5,29,16.2,22.4,14.3,62.8,0,0,0,,0,0,28.8,14.8,124.9,1015.1,6.3,2.7,195.6,16.9,7,,2021-11-02T06:33:47,2021-11-02T17:35:13,0.91,Clear,Clear conditions throughout the day.,clear-day,"42182099999,42176099999,VIDP,42139099999,42181099999,VIDD"
"delhi, India",2021-11-03,30,17.6,22.4,30,17.6,22.5,16.2,70.1,0,0,0,,0,0,21.2,9.4,110.1,1014.9,40.9,2.2,192.5,16.7,7,,2021-11-03T06:34:31,2021-11-03T17:34:29,0.95,Partially cloudy,Partly cloudy throughout the day.,partly-cloudy-day,"42182099999,42176099999,VIDP,42139099999,42181099999"
"delhi, India",2021-11-04,27,16.8,21,27.8,16.8,21,17,79.1,0,0,0,,0,0,16.2,9.4,274.2,1014.2,2.1,1.4,184,15.9,7,,2021-11-04T06:35:16,2021-11-04T17:33:46,0.98,Clear,Clear conditions throughout the day.,clear-day,"42182099999,42176099999,VIDP,42139099999,42181099999"
"delhi, India",2021-11-05,25.8,16.8,20.6,25.8,16.8,20.6,16.6,80.3,0,0,0,,0,0,18.4,9.4,263.7,1014,27.8,0.9,189.2,16.4,7,,2021-11-05T06:36:00,2021-11-05T17:33:04,0,Partially cloudy,Partly cloudy throughout the day.,fog,"42182099999,42176099999,VIDP,42139099999,42181099999"
"delhi, India",2021-11-06,27.4,16.3,20.9,27.7,16.3,20.9,15.2,71.7,0,0,0,,0,0,33.1,11.6,280.5,1012.6,9.3,1.1,194.7,17,7,,2021-11-06T06:36:45,2021-11-06T17:32:24,0.05,Clear,Clear conditions throughout the day.,clear-day,"42182099999,42176099999,VIDP,42139099999,42181099999"
"delhi, India",2021-11-07,28.5,16.2,21,27.9,16.2,20.9,14.6,70.4,0,0,0,,0,0,28.4,11.2,284.7,1012.2,1,1.3,194.2,16.8,7,,2021-11-07T06:37:30,2021-11-07T17:31:45,0.08,Clear,Clear conditions throughout the day.,clear-day,"42182099999,42176099999,VIDP,42139099999,42181099999"
"delhi, India",2021-11-08,28,15.3,21,27.6,15.3,20.9,12.8,62.7,0,0,0,,0,0,27.4,12.3,306.3,1014.1,2.3,1.5,194.2,16.9,7,,2021-11-08T06:38:16,2021-11-08T17:31:08,0.12,Clear,Clear conditions throughout the day.,clear-day,"42182099999,42176099999,VIDP,42139099999,42181099999"
"delhi, India",2021-11-09,28,15.4,21.4,27.4,15.4,21.3,12.2,59.1,0,0,0,,0,0,25.6,13,305.2,1014.8,13.1,1.4,192.3,16.7,7,,2021-11-09T06:39:02,2021-11-09T17:30:32,0.15,Clear,Clear conditions throughout the day.,clear-day,"42182099999,42176099999,VIDP,42139099999,42181099999"
"delhi, India",2021-11-10,29,15.4,21.5,29.9,15.4,21.5,13.5,63.3,0,0,0,,0,0,22.7,10.6,278.2,1014.1,7.9,1.5,191.9,16.7,7,,2021-11-10T06:39:49,2021-11-10T17:29:57,0.19,Clear,Clear conditions throughout the day.,clear-day,"42182099999,42176099999,VIDP,42139099999,42181099999,VIDD"
"delhi, India",2021-11-11,24.9,14.8,19.4,24.9,14.8,19.4,13.6,71.5,0,0,0,,0,0,16.9,9.4,281.8,1013.9,8.6,1.3,190.4,16.2,7,,2021-11-11T06:40:35,2021-11-11T17:29:23,0.25,Clear,Clear conditions throughout the day.,clear-day,"42182099999,42176099999,VIDP,42139099999,42181099999"
"delhi, India",2021-11-12,26.5,14.4,19.7,26.5,14.4,19.7,14.8,75.3,0,0,0,,0,0,21.2,9.4,289.7,1014.2,1.3,0.9,189.3,16.2,7,,2021-11-12T06:41:22,2021-11-12T17:28:52,0.25,Clear,Clear conditions throughout the day.,fog,"42182099999,42176099999,VIDP,42139099999,42181099999"
"delhi, India",2021-11-13,27,13.4,19.7,26.6,13.4,19.6,11.1,63.7,0,0,0,,0,0,23,9.4,300.2,1014.1,0,1.3,188.9,16.2,7,,2021-11-13T06:42:09,2021-11-13T17:28:21,0.29,Clear,Clear conditions throughout the day.,clear-day,"42182099999,42176099999,VIDP,42139099999,42181099999"
"delhi, India",2021-11-14,26.8,12.8,19.3,26.2,12.8,19.3,9.1,56.6,0,0,0,,0,0,16.6,9.4,281.4,1013.2,0,1.8,189.1,16.1,7,,2021-11-14T06:42:57,2021-11-14T17:27:52,0.32,Clear,Clear conditions throughout the day.,clear-day,"42182099999,42176099999,VIDP,42139099999,42181099999"
"delhi, India",2021-11-15,25.8,12.7,18.9,25.8,12.7,18.9,10.2,61,0,0,0,,0,0,21.2,7.7,276,1012.5,0,1.6,186.8,16.1,7,,2021-11-15T06:43:44,2021-11-15T17:27:25,0.36,Clear,Clear conditions throughout the day.,clear-day,"42182099999,42176099999,VIDP,42139099999,42181099999,VIDD"
"delhi, India",2021-11-16,26.3,11.8,18.6,26.3,11.8,18.6,10.4,63.1,0,0,0,,0,0,19.4,11.2,282.6,1013.4,0,1.5,187.1,16.1,7,,2021-11-16T06:44:32,2021-11-16T17:26:59,0.39,Clear,Clear conditions throughout the day.,clear-day,"42182099999,42176099999,VIDP,42139099999,42181099999"
"delhi, India",2021-11-17,26.2,11.8,18.1,26.2,11.8,18.1,10.2,63.3,0,0,0,,0,0,17.3,9.4,63.7,1015.6,9.5,1.4,184.4,16,7,,2021-11-17T06:45:20,2021-11-17T17:26:35,0.43,Clear,Clear conditions throughout the day.,clear-day,"42182099999,42176099999,VIDP,42139099999,42181099999"
"delhi, India",2021-11-18,25.6,12.4,19.3,25.6,12.4,19.3,12.3,67.5,0,0,0,,0,0,16.6,7.6,332.9,1014.2,33.4,1.7,181.9,15.6,7,,2021-11-18T06:46:08,2021-11-18T17:26:12,0.46,Partially cloudy,Partly cloudy throughout the day.,partly-cloudy-day,"42182099999,42176099999,VIDP,42139099999,42181099999"
"delhi, India",2021-11-19,25.2,13,19.2,25.2,13,19.2,12.4,68.9,0,0,0,,0,0,16.9,11.2,277.3,1011.9,42.9,1.6,177.1,15.3,7,,2021-11-19T06:46:56,2021-11-19T17:25:51,0.5,Partially cloudy,Partly cloudy throughout the day.,partly-cloudy-day,"42182099999,42176099999,VIDP,42139099999,42181099999"
"delhi, India",2021-11-20,25.8,15.6,19.8,25.8,15.6,19.8,11.4,63.3,0,0,0,,0,0,18,9.4,290.9,1012.4,44.3,1.7,136.7,11.6,6,,2021-11-20T06:47:44,2021-11-20T17:25:31,0.53,Partially cloudy,Partly cloudy throughout the day.,partly-cloudy-day,"42182099999,42176099999,VIDP,42139099999,42181099999"
"delhi, India",2021-11-21,26.8,13.5,19.3,26.5,13.5,19.3,10.8,60.3,0,0,0,,0,0,25.9,14.4,301.9,1013.8,1.3,1.6,180.8,15.6,7,,2021-11-21T06:48:32,2021-11-21T17:25:13,0.56,Clear,Clear conditions throughout the day.,clear-day,"42182099999,42176099999,VIDP,42139099999,42181099999,remote"
"delhi, India",2021-11-22,26.9,12.8,18.9,26.3,12.8,18.9,11.5,64.9,0,0,0,,0,0,37.4,24.1,283.8,1013.5,0,1.9,183.7,16.1,7,,2021-11-22T06:49:21,2021-11-22T17:24:57,0.6,Clear,Clear conditions throughout the day.,clear-day,"42182099999,42176099999,VIDP,42139099999,42181099999"
"delhi, India",2021-11-23,25.4,12.7,18,25.4,12.7,18,8,53.8,0,0,0,,0,0,28.8,13,281.1,1012.4,0,2.4,180,15.6,7,,2021-11-23T06:50:09,2021-11-23T17:24:42,0.63,Clear,Clear conditions throughout the day.,clear-day,"42182099999,42176099999,VIDP,42139099999,42181099999"
"delhi, India",2021-11-24,27.5,11.3,18.2,27.2,11.3,18.2,10.8,65.7,0,0,0,,0,0,17.3,9.4,93.4,1013.7,0,2.2,176.5,15.4,7,,2021-11-24T06:50:57,2021-11-24T17:24:29,0.66,Clear,Clear conditions throughout the day.,clear-day,"42182099999,42176099999,VIDP,42139099999,42181099999"
"delhi, India",2021-11-25,26.6,12.1,18.9,26.6,12.1,18.9,12.2,69.2,0,0,0,,0,0,18.4,7.6,75.6,1014.9,0,1.8,171.6,15,7,,2021-11-25T06:51:45,2021-11-25T17:24:18,0.7,Clear,Clear conditions throughout the day.,clear-day,"42182099999,42176099999,VIDP,42139099999,42181099999"
"delhi, India",2021-11-26,26.6,12.8,19,26.6,12.8,19,13,71.2,0,0,0,,0,0,18,7.6,36.4,1015,0.8,1.5,171,14.8,7,,2021-11-26T06:52:33,2021-11-26T17:24:08,0.73,Clear,Clear conditions throughout the day.,clear-day,"42182099999,42176099999,VIDP,42139099999,42181099999"
"delhi, India",2021-11-27,26,12.1,17.7,26,12.1,17.7,13.3,77.4,0,0,0,,0,0,23.8,11.2,96.4,1015.7,0.5,1.6,168.1,14.5,6,,2021-11-27T06:53:21,2021-11-27T17:24:00,0.75,Clear,Clear conditions throughout the day.,clear-day,"42182099999,42176099999,VIDP,42139099999,42181099999,remote"
"delhi, India",2021-11-28,26,12.2,18.6,26,12.2,18.6,15,81.3,0,0,0,,0,0,19.4,9.4,97,1017.5,5.5,1.4,164.3,14.2,6,,2021-11-28T06:54:08,2021-11-28T17:23:53,0.8,Clear,Clear conditions throughout the day.,clear-day,"42182099999,42176099999,VIDP,42139099999,42181099999"
"delhi, India",2021-11-29,25,12.3,18.2,25,12.3,18.2,12.4,73.8,0,0,0,,0,0,29.2,13,276.6,1018,2.9,1.6,171.7,15,7,,2021-11-29T06:54:55,2021-11-29T17:23:48,0.83,Clear,Clear conditions throughout the day.,clear-day,"42182099999,42176099999,VIDP,42139099999,42181099999"
"delhi, India",2021-11-30,24.9,11.9,17.8,24.9,11.9,17.8,11.7,70.1,0,0,0,,0,0,27.7,11.2,265.1,1017.1,29.2,1.7,164.5,14.2,6,,2021-11-30T06:55:42,2021-11-30T17:23:45,0.86,Partially cloudy,Clearing in the afternoon.,partly-cloudy-day,"42182099999,42176099999,VIDP,42139099999,42181099999,remote"
"delhi, India",2021-12-01,22.3,13.5,17.7,22.3,13.5,17.7,13,75.6,0,0,0,,0,0,17.6,7.6,265,1017.5,50.6,1.8,91,7.9,3,,2021-12-01T06:56:29,2021-12-01T17:23:44,0.9,Partially cloudy,Partly cloudy throughout the day.,partly-cloudy-day,"42182099999,42176099999,VIDP,42139099999,42181099999"
"delhi, India",2021-12-02,19.3,14.2,16.6,19.3,14.2,16.6,14.7,89.3,1,100,4.17,rain,0,0,23.8,13,244,1017.5,76.8,1.2,45,3.8,2,,2021-12-02T06:57:15,2021-12-02T17:23:44,0.93,"Rain, Partially cloudy",Partly cloudy throughout the day with afternoon rain.,rain,"42182099999,42176099999,VIDP,42139099999,42181099999"
"delhi, India",2021-12-03,22,14,17.2,22,14,17.2,15,87.3,0,0,0,,0,0,18.7,11.2,271.3,1017.8,66.7,1.3,94.7,8.2,4,,2021-12-03T06:58:01,2021-12-03T17:23:45,0.96,Partially cloudy,Partly cloudy throughout the day.,partly-cloudy-day,"42182099999,42176099999,VIDP,42139099999,42181099999"
"delhi, India",2021-12-04,25.1,12.8,18.5,25.1,12.8,18.5,13.4,75.1,0,0,0,,0,0,21.6,11.2,250.5,1016.3,10.6,2,162,13.9,6,,2021-12-04T06:58:46,2021-12-04T17:23:49,0,Clear,Clear conditions throughout the day.,clear-day,"42182099999,42176099999,VIDP,42139099999,42181099999"
"delhi, India",2021-12-05,24.5,13.7,18.8,24.5,13.7,18.8,14.4,77.6,0.17,100,4.17,rain,0,0,17.6,9.4,119.6,1016.5,35.7,2.4,142.5,12.2,6,,2021-12-05T06:59:31,2021-12-05T17:23:54,0.03,"Rain, Partially cloudy",Partly cloudy throughout the day with late afternoon rain.,rain,"42182099999,42176099999,VIDP,42139099999,42181099999,remote"
"delhi, India",2021-12-06,24.3,15.4,19.3,24.3,15.4,19.3,15.5,79.6,0,0,0,,0,0,28.1,14.8,297.9,1016.7,40.1,2,144.6,12.5,6,,2021-12-06T07:00:15,2021-12-06T17:24:00,0.07,Partially cloudy,Clearing in the afternoon.,partly-cloudy-day,"42182099999,42176099999,VIDP,42139099999,42181099999"
"delhi, India",2021-12-07,24.2,12.8,17.5,24.2,12.8,17.5,12.5,76.7,0,0,0,,0,0,28.8,16.6,271.8,1017.8,0,2.1,166.2,14.3,6,,2021-12-07T07:00:59,2021-12-07T17:24:08,0.1,Clear,Clear conditions throughout the day.,clear-day,"42182099999,42176099999,VIDP,42139099999,42181099999,VIDD"
"delhi, India",2021-12-08,23.2,11.8,16.4,23.2,11.8,16.4,10.9,73,0,0,0,,0,0,25.2,13,271.7,1017.7,0.1,2.5,166.4,14.3,6,,2021-12-08T07:01:42,2021-12-08T17:24:18,0.13,Clear,Clear conditions throughout the day.,clear-day,"42182099999,42176099999,VIDP,42139099999,42181099999"
"delhi, India",2021-12-09,22.9,10.3,16.3,22.9,10.3,16.3,11.7,76.5,0,0,0,,0,0,15.5,11.2,273.3,1020.1,3.8,2.3,164.5,14.2,6,,2021-12-09T07:02:25,2021-12-09T17:24:30,0.17,Clear,Clear conditions throughout the day.,clear-day,"42182099999,42176099999,VIDP,42139099999,42181099999"
"delhi, India",2021-12-10,22.9,11.4,16.3,22.9,11.4,16.3,11,73.7,0,0,0,,0,0,24.8,18.4,272.9,1020.2,0.1,2.1,164.2,14.2,6,,2021-12-10T07:03:06,2021-12-10T17:24:43,0.2,Clear,Clear conditions throughout the day.,clear-day,"42182099999,42176099999,VIDP,42139099999,42181099999"
"delhi, India",2021-12-11,22.7,10.4,15.5,22.7,10.4,15.5,8.3,66.6,0,0,0,,0,0,25.6,13,271.8,1019.2,3.2,2.5,166.9,14.2,6,,2021-12-11T07:03:47,2021-12-11T17:24:57,0.25,Clear,Clear conditions throughout the day.,clear-day,"42182099999,42176099999,VIDP,42139099999,42181099999"
"delhi, India",2021-12-12,22.6,8.6,15.3,22.6,8.6,15.2,8.4,67.1,0,0,0,,0,0,13,9.4,279.1,1019.6,30,2.3,161.2,13.9,6,,2021-12-12T07:04:27,2021-12-12T17:25:13,0.27,Partially cloudy,Partly cloudy throughout the day.,partly-cloudy-day,"42182099999,42176099999,VIDP,42139099999,42181099999,remote"
"delhi, India",2021-12-13,21.5,8.6,14.9,21.5,8.6,14.9,9,71.7,0,0,0,,0,0,17.6,9.4,140.3,1018.3,40.8,2.1,129.8,11.2,5,,2021-12-13T07:05:07,2021-12-13T17:25:31,0.3,Partially cloudy,Partly cloudy throughout the day.,partly-cloudy-day,"42182099999,42176099999,VIDP,42139099999,42181099999"
"delhi, India",2021-12-14,21.9,9.7,15.1,21.9,9.7,15.1,10.5,77.4,0,0,0,,0,0,16.9,9.4,110,1017.6,8.2,1.6,156.5,13.5,6,,2021-12-14T07:05:45,2021-12-14T17:25:50,0.33,Clear,Clear conditions throughout the day.,clear-day,"42182099999,42176099999,VIDP,42139099999,42181099999"
"delhi, India",2021-12-15,21.5,10.1,15.2,21.5,10.1,15.2,10.2,75.3,0,0,0,,0,0,25.9,16.6,320.7,1018.1,3.9,1.5,166,14.3,6,,2021-12-15T07:06:22,2021-12-15T17:26:11,0.37,Clear,Clear conditions throughout the day.,clear-day,"42182099999,42176099999,VIDP,42139099999,42181099999"
"delhi, India",2021-12-16,19.7,10.4,14.6,19.7,10.4,14.6,9,71,0,0,0,,0,0,22.3,13,341.3,1018.9,42.2,1.7,118.9,10.3,5,,2021-12-16T07:06:59,2021-12-16T17:26:33,0.4,Partially cloudy,Partly cloudy throughout the day.,partly-cloudy-day,"42182099999,42176099999,VIDP,42139099999,42181099999"
"delhi, India",2021-12-17,19.7,9.9,13.7,19.7,8.7,13.5,7.9,70.4,0,0,0,,0,0,36,16.6,292.6,1020.5,27.3,1.8,169.3,14.6,7,,2021-12-17T07:07:34,2021-12-17T17:26:56,0.44,Partially cloudy,Partly cloudy throughout the day.,partly-cloudy-day,"42182099999,42176099999,VIDP,42139099999,42181099999"
"delhi, India",2021-12-18,17,7,11.1,17,4.3,10.1,6.1,75.1,0,0,0,,0,0,46.4,27.7,261.4,1020.4,0.4,1.5,166.7,14.4,6,,2021-12-18T07:08:09,2021-12-18T17:27:21,0.47,Clear,Clear conditions throughout the day.,clear-day,"42182099999,42176099999,VIDP,42139099999,42181099999"
"delhi, India",2021-12-19,18.2,5,11.1,18.2,3.3,10.4,4.7,67.6,0,0,0,,0,0,32.8,16.6,265.1,1020,2,1.9,168.7,14.5,6,,2021-12-19T07:08:42,2021-12-19T17:27:47,0.5,Clear,Clear conditions throughout the day.,clear-day,"42182099999,42176099999,VIDP,42139099999,42181099999"
"delhi, India",2021-12-20,19.7,4.9,12,19.7,4.9,11.6,4.5,64.9,0,0,0,,0,0,27,11.2,265.5,1019,11.2,2.1,166.5,14.4,6,,2021-12-20T07:09:14,2021-12-20T17:28:15,0.54,Clear,Clear conditions throughout the day.,clear-day,"42182099999,42176099999,VIDP,42139099999,42181099999"
"delhi, India",2021-12-21,21.7,6.1,13.3,21.7,6.1,13.2,5.4,65.3,0,0,0,,0,0,18.4,9.4,282,1017.3,4.9,1.8,163.1,14.1,6,,2021-12-21T07:09:45,2021-12-21T17:28:44,0.57,Clear,Clear conditions throughout the day.,clear-day,"42182099999,42176099999,VIDP,42139099999,42181099999"
"delhi, India",2021-12-22,22.8,7,14.2,22.8,7,13.9,6.4,65.4,0,0,0,,0,0,16.9,16.6,186.6,1015.2,16,1.7,161.9,13.8,6,,2021-12-22T07:10:15,2021-12-22T17:29:14,0.61,Clear,Clear conditions throughout the day.,clear-day,"42182099999,42176099999,VIDP,42139099999,42181099999"
"delhi, India",2021-12-23,22,8.1,14.6,22,6.8,14.5,8.5,70.3,0,0,0,,0,0,19.8,13,103.8,1014.3,25.9,1.6,148.6,12.9,6,,2021-12-23T07:10:44,2021-12-23T17:29:45,0.64,Partially cloudy,Partly cloudy throughout the day.,partly-cloudy-day,"42182099999,42176099999,VIDP,42139099999,42181099999,remote"
"delhi, India",2021-12-24,22.3,8.8,15.2,22.3,8.8,15.2,10.6,76.6,0,0,0,,0,0,20.9,11.2,104.4,1014,18.2,1.3,156.7,13.6,6,,2021-12-24T07:11:11,2021-12-24T17:30:18,0.67,Clear,Clear conditions throughout the day.,clear-day,"42182099999,42176099999,VIDP,42139099999,42181099999"
"delhi, India",2021-12-25,23,9,15.5,23,9,15.5,11.5,80,0,0,0,,0,0,14.4,7.6,86.4,1016,15.8,1,158.9,13.7,6,,2021-12-25T07:11:37,2021-12-25T17:30:52,0.71,Clear,Clear conditions throughout the day.,clear-day,"42182099999,42176099999,VIDP,42139099999,42181099999"
"delhi, India",2021-12-26,20.7,11.5,15.7,20.7,11.5,15.7,13.7,88,1.299,100,8.33,rain,0,0,17.3,11.2,94.7,1018,74.5,0.9,70.5,6.1,3,,2021-12-26T07:12:02,2021-12-26T17:31:27,0.74,"Rain, Partially cloudy",Partly cloudy throughout the day with late afternoon rain.,rain,"42182099999,42176099999,VIDP,42139099999,42181099999,remote"
"delhi, India",2021-12-27,21.7,11.6,15.4,21.7,11.6,15.4,11.7,80.5,0,0,0,,0,0,20.2,9.4,46.5,1019.4,46.1,1.4,150.6,13,6,,2021-12-27T07:12:26,2021-12-27T17:32:03,0.75,Partially cloudy,Clearing in the afternoon.,partly-cloudy-day,"42182099999,42176099999,VIDP,42139099999,42181099999"
"delhi, India",2021-12-28,17,10.9,14.2,17,10.9,14.2,12.3,88.7,1.85,100,8.33,rain,0,0,14.4,7.6,164.3,1018.5,80.5,1.4,100.9,8.7,5,,2021-12-28T07:12:48,2021-12-28T17:32:40,0.81,"Rain, Partially cloudy",Partly cloudy throughout the day with afternoon rain.,rain,"42182099999,42176099999,VIDP,42139099999,42181099999"
"delhi, India",2021-12-29,20.4,10.2,14,20.4,10.2,14,10.6,82.9,0,0,0,,0,0,23,14.8,271.2,1019.3,34.8,1.2,152.1,13.1,6,,2021-12-29T07:13:08,2021-12-29T17:33:18,0.85,Partially cloudy,Clearing in the afternoon.,partly-cloudy-day,"42182099999,42176099999,VIDP,42139099999,42181099999"
"delhi, India",2021-12-30,18.4,6.1,11.9,18.4,6.1,11.9,5.4,70,0,0,0,,0,0,19.8,9.4,323.7,1023.5,34,1.4,143.3,12.3,6,,2021-12-30T07:13:28,2021-12-30T17:33:57,0.88,Partially cloudy,Becoming cloudy in the afternoon.,partly-cloudy-day,"42182099999,42176099999,VIDP,42139099999,42181099999"
"delhi, India",2021-12-31,18,5.6,11.2,18,5.6,11,6.6,76.4,0,0,0,,0,0,22.3,9.4,278.2,1023.2,35.1,1.6,167.8,14.4,6,,2021-12-31T07:13:45,2021-12-31T17:34:37,0.91,Partially cloudy,Partly cloudy throughout the day.,partly-cloudy-day,"42182099999,42176099999,VIDP,42139099999,42181099999"
"delhi, India",2022-01-01,19.5,6.3,11.9,19.5,6,11.8,8.3,80.7,0,0,0,,0,0,19.8,9.4,278.4,1022.1,9.7,1.4,165.9,14.3,6,,2022-01-01T07:14:02,2022-01-01T17:35:18,0.95,Clear,Clear conditions throughout the day.,clear-day,"42182099999,42176099999,VIDP,42139099999,42181099999"
"delhi, India",2022-01-02,19.7,7.5,12.7,19.7,6.9,12.6,9,80.9,0,0,0,,0,0,18.7,8,282.7,1020.7,15.4,1.3,157,13.7,6,,2022-01-02T07:14:16,2022-01-02T17:36:00,0.98,Clear,Clear conditions throughout the day.,clear-day,"42182099999,42176099999,VIDP,42139099999,42181099999,remote"
"delhi, India",2022-01-03,20.6,7.5,13.8,20.6,7.5,13.8,9,76.1,0,0,0,,0,0,19.8,13,266.3,1018.6,26.3,1.5,163.7,14.3,6,,2022-01-03T07:14:30,2022-01-03T17:36:43,0,Partially cloudy,Partly cloudy throughout the day.,partly-cloudy-day,"42182099999,42176099999,VIDP,42139099999,42181099999"
"delhi, India",2022-01-04,22.5,9.8,15.8,22.5,9.8,15.8,9.2,71.1,0,0,0,,0,0,20.5,7.6,308.6,1017.7,73.8,1.6,152.3,13,6,,2022-01-04T07:14:42,2022-01-04T17:37:27,0.05,Partially cloudy,Partly cloudy throughout the day.,partly-cloudy-day,"42182099999,42176099999,VIDP,42139099999,42181099999"
"delhi, India",2022-01-05,15,12.2,13.7,15,12.2,13.7,12.3,91.8,7.637,100,16.67,rain,0,0,29.2,22.3,114.9,1016.6,96.1,1.3,24.6,2.1,1,,2022-01-05T07:14:52,2022-01-05T17:38:11,0.08,"Rain, Overcast",Cloudy skies throughout the day with rain.,rain,"42182099999,42176099999,VIDP,42139099999,42181099999"
"delhi, India",2022-01-06,20,12,15.2,20,12,15.2,13.2,88.8,0,0,0,,0,0,33.1,14.8,105.3,1016.7,79.6,1.4,92.9,8.1,5,,2022-01-06T07:15:00,2022-01-06T17:38:56,0.11,Partially cloudy,Partly cloudy throughout the day.,partly-cloudy-day,"42182099999,42176099999,VIDP,42139099999,42181099999"
"delhi, India",2022-01-07,18.9,14,16.2,18.9,14,16.2,14.5,90.2,0,0,0,,0,0,32.4,20.5,129.8,1016.3,85.5,1.7,82.7,7.1,4,,2022-01-07T07:15:08,2022-01-07T17:39:41,0.15,Partially cloudy,Partly cloudy throughout the day.,partly-cloudy-day,"42182099999,42176099999,VIDP,42139099999,42181099999"
"delhi, India",2022-01-08,16.5,15,15.8,16.5,15,15.8,15.3,96.9,48.838,100,20.83,rain,0,0,38.9,22.3,87.6,1015.7,99.7,1.5,36.7,3.2,2,,2022-01-08T07:15:13,2022-01-08T17:40:27,0.18,"Rain, Overcast",Cloudy skies throughout the day with rain.,rain,"42182099999,42176099999,VIDP,42139099999,42181099999,remote"
"delhi, India",2022-01-09,16,12,13.8,16,12,13.8,13.3,97.2,7.402,100,16.67,rain,0,0,30.2,16.6,268.8,1015.2,98.5,1.4,72.3,6.3,3,,2022-01-09T07:15:17,2022-01-09T17:41:14,0.25,"Rain, Overcast",Cloudy skies throughout the day with a chance of rain throughout the day.,rain,"42182099999,42176099999,VIDP,42139099999,42181099999"
"delhi, India",2022-01-10,16.9,9.9,12.5,16.9,8.7,12.4,11.2,92.3,0,0,0,,0,0,23.4,11.2,276,1017.9,55.8,1.4,133.1,11.3,5,,2022-01-10T07:15:19,2022-01-10T17:42:01,0.25,Partially cloudy,Partly cloudy throughout the day.,partly-cloudy-day,"42182099999,42176099999,VIDP,42139099999,42181099999"
"delhi, India",2022-01-11,16.9,8,11.4,16.9,6.8,11.2,9.9,91.5,0,0,0,,0,0,28.4,16.6,276.5,1018,38.1,1.1,143,12.4,6,,2022-01-11T07:15:20,2022-01-11T17:42:49,0.28,Partially cloudy,Clearing in the afternoon.,partly-cloudy-day,"42182099999,42176099999,VIDP,42139099999,42181099999"
"delhi, India",2022-01-12,17,8,11.5,17,6.8,11.3,9.5,88.6,0,0,0,,0,0,21.2,10.8,280.4,1017.5,43.3,1.1,127,10.9,5,,2022-01-12T07:15:19,2022-01-12T17:43:37,0.31,Partially cloudy,Partly cloudy throughout the day.,partly-cloudy-day,"42182099999,42176099999,VIDP,42139099999,42181099999"
"delhi, India",2022-01-13,16.3,7.4,11.4,16.3,7.4,11.4,9.9,91.2,0,0,0,,0,0,13.3,5.4,303.8,1017.6,34.4,0.7,123.2,10.7,5,,2022-01-13T07:15:17,2022-01-13T17:44:26,0.34,Partially cloudy,Clearing in the afternoon.,fog,"42182099999,42176099999,VIDP,42139099999,42181099999"
"delhi, India",2022-01-14,14.8,7.2,10.5,14.8,7.2,10.5,9.7,94.6,0,0,0,,0,0,16.9,11.2,288.3,1018.4,43.7,0.6,108.3,9.3,4,,2022-01-14T07:15:13,2022-01-14T17:45:15,0.38,Partially cloudy,Partly cloudy throughout the day.,fog,"42182099999,42176099999,VIDP,42139099999,42181099999"
"delhi, India",2022-01-15,13.5,8.2,10,13.5,7,9.7,9.1,93.9,0,0,0,,0,0,20.2,14.8,290.3,1020,68.7,1,173.4,15,7,,2022-01-15T07:15:07,2022-01-15T17:46:04,0.41,Partially cloudy,Partly cloudy throughout the day.,partly-cloudy-day,"42182099999,42176099999,VIDP,42139099999,42181099999"
"delhi, India",2022-01-16,15,8,10.7,15,6.4,10.3,8.5,87.5,0,0,0,,0,0,23.8,9.4,293.3,1020.6,57.6,1.4,165.4,14.5,7,,2022-01-16T07:15:00,2022-01-16T17:46:54,0.44,Partially cloudy,Partly cloudy throughout the day.,partly-cloudy-day,"42182099999,42176099999,VIDP,42139099999,42181099999"
"delhi, India",2022-01-17,16,9,11.2,16,8.5,11.1,9.3,88.5,0,0,0,,0,0,19.8,7.6,150.9,1021.2,42.1,1.3,134.9,11.5,6,,2022-01-17T07:14:51,2022-01-17T17:47:44,0.48,Partially cloudy,Partly cloudy throughout the day.,partly-cloudy-day,"42182099999,42176099999,VIDP,42139099999,42181099999"
"delhi, India",2022-01-18,14.6,9,10.6,14.6,7.2,10.2,9.3,92.2,0,0,0,,0,0,23.4,14.8,265.9,1019.1,35.4,1.2,174.1,15.1,7,,2022-01-18T07:14:40,2022-01-18T17:48:33,0.5,Partially cloudy,Partly cloudy throughout the day.,partly-cloudy-day,"42182099999,42176099999,VIDP,42139099999,42181099999"
"delhi, India",2022-01-19,17,8,11.9,17,6,11.6,10.1,89.4,0,0,0,,0,0,16.6,11.2,323,1016.1,52.8,1.2,131.6,11.3,6,,2022-01-19T07:14:28,2022-01-19T17:49:24,0.54,Partially cloudy,Partly cloudy throughout the day.,partly-cloudy-day,"42182099999,42176099999,VIDP,42139099999,42181099999"
"delhi, India",2022-01-20,18.1,10,12.7,18.1,8.7,12.5,11.3,92.4,0,0,0,,0,0,18.4,13,126.4,1011.9,56,0.6,136,11.6,6,,2022-01-20T07:14:14,2022-01-20T17:50:14,0.58,Partially cloudy,Clearing in the afternoon.,fog,"42182099999,42176099999,VIDP,42139099999,42181099999"
"delhi, India",2022-01-21,19,9.9,13.4,19,9.9,13.4,11.7,90.4,0,0,0,,0,0,20.5,9.3,157.6,1011.9,35.5,0.8,137.7,11.8,6,,2022-01-21T07:13:59,2022-01-21T17:51:04,0.62,Partially cloudy,Partly cloudy throughout the day.,fog,"42182099999,42176099999,VIDP,42139099999,42181099999"
"delhi, India",2022-01-22,15,11,13,15,11,13,12.1,94.3,23.553,100,20.83,rain,0,0,44.6,20.5,105.3,1007.5,97.6,1.1,60.7,5.2,3,,2022-01-22T07:13:42,2022-01-22T17:51:55,0.65,"Rain, Overcast",Cloudy skies throughout the day with rain.,rain,"42182099999,42176099999,VIDP,42139099999,42181099999"
"delhi, India",2022-01-23,15,10.4,12.6,15,10.4,12.6,11.7,94.4,1.195,100,4.17,rain,0,0,35.3,20.5,136.5,1010,89.4,1.2,48.4,4.2,2,,2022-01-23T07:13:24,2022-01-23T17:52:45,0.69,"Rain, Partially cloudy",Partly cloudy throughout the day with early morning rain.,rain,"42182099999,42176099999,VIDP,42139099999,42181099999"
"delhi, India",2022-01-24,15,9,11.7,15,9,11.7,10.6,93.5,0,0,0,,0,0,20.2,7.6,283.5,1014,74.9,1.3,136,11.8,5,,2022-01-24T07:13:03,2022-01-24T17:53:36,0.72,Partially cloudy,Partly cloudy throughout the day.,partly-cloudy-day,"42182099999,42176099999,VIDP,42139099999,42181099999"
"delhi, India",2022-01-25,13.4,8,10,13.4,7.2,9.7,9.1,94.5,0,0,0,,0,0,24.8,13,259.2,1015.2,70.5,1,139.8,12.1,6,,2022-01-25T07:12:42,2022-01-25T17:54:26,0.75,Partially cloudy,Partly cloudy throughout the day.,partly-cloudy-day,"42182099999,42176099999,VIDP,42139099999,42181099999"
"delhi, India",2022-01-26,15.8,7.1,11.2,15.8,7.1,11.1,9.9,92.5,0,0,0,,0,0,25.9,14.8,290.2,1015.9,52.7,1.2,141.5,12.2,5,,2022-01-26T07:12:19,2022-01-26T17:55:16,0.79,Partially cloudy,Partly cloudy throughout the day.,partly-cloudy-day,"42182099999,42176099999,VIDP,42139099999,42181099999"
"delhi, India",2022-01-27,18,7.6,12.2,18,6.8,12,9.3,83.9,0,0,0,,0,0,38.5,18.4,291.8,1017,26,1.5,181.4,15.7,7,,2022-01-27T07:11:54,2022-01-27T17:56:07,0.83,Partially cloudy,Partly cloudy throughout the day.,partly-cloudy-day,"42182099999,42176099999,VIDP,42139099999,42181099999"
"delhi, India",2022-01-28,19.5,7,12.7,19.5,5.2,12.2,7.6,76,0,0,0,,0,0,40,22.3,270,1016.9,20,2.3,195.7,16.9,7,,2022-01-28T07:11:28,2022-01-28T17:56:57,0.86,Clear,Partly cloudy throughout the day.,clear-day,"42182099999,42176099999,VIDP,42139099999,42181099999"
"delhi, India",2022-01-29,21.3,7.1,13.7,21.3,7.1,13.7,8,73.8,0,0,0,,0,0,28.1,14.9,269.7,1017.1,0.4,2.2,192.8,16.6,7,,2022-01-29T07:11:00,2022-01-29T17:57:47,0.9,Clear,Clear conditions throughout the day.,clear-day,"42182099999,42176099999,VIDP,42139099999,42181099999"
"delhi, India",2022-01-30,21.2,9,14.6,21.2,7.9,14.4,10.2,78.2,0,0,0,,0,0,39.2,27.7,252.9,1012.5,3.2,2.1,195.6,16.8,7,,2022-01-30T07:10:31,2022-01-30T17:58:36,0.93,Clear,Clear conditions throughout the day.,clear-day,"42182099999,42176099999,VIDP,42139099999,42181099999"
"delhi, India",2022-01-31,21.3,8.3,14.3,21.3,8.3,14.3,10.7,80.5,0,0,0,,0,0,16.6,13,70.1,1011.9,5,1.2,194.4,16.7,7,,2022-01-31T07:10:01,2022-01-31T17:59:26,0.97,Clear,Clear conditions throughout the day.,clear-day,"42182099999,42176099999,VIDP,42139099999,42181099999,remote"
"delhi, India",2022-02-01,19.9,8.6,13.4,19.9,8.6,13.4,11.5,89.2,0,0,0,,0,0,32,13,254.8,1011.6,16.9,0.8,178.2,15.2,7,,2022-02-01T07:09:29,2022-02-01T18:00:15,0,Clear,Clear conditions throughout the day.,fog,"42182099999,42176099999,VIDP,42139099999,42181099999"
"delhi, India",2022-02-02,21,10,14.7,21,8.4,14.7,11.2,83.2,0,0,0,,0,0,25.2,14.8,218.2,1011.2,30.9,1.1,197.3,17,7,,2022-02-02T07:08:56,2022-02-02T18:01:04,0.03,Partially cloudy,Partly cloudy throughout the day.,partly-cloudy-day,"42182099999,42176099999,VIDP,42139099999,42181099999"
"delhi, India",2022-02-03,14.1,11,13,14.1,11,13,11.4,90.1,0.77,100,8.33,rain,0,0,42.5,22.7,133,1007.3,89.7,1.2,74,6.3,3,,2022-02-03T07:08:21,2022-02-03T18:01:53,0.07,"Rain, Partially cloudy",Partly cloudy throughout the day with rain in the morning and afternoon.,rain,"42182099999,42176099999,VIDP,42139099999,42181099999,VIDD,remote"
"delhi, India",2022-02-04,17.6,10,13.1,17.6,7.9,13,10.9,87.3,0,0,0,,0,0,34.9,14.8,269.1,1009.3,82.1,1.6,108.1,9.2,5,,2022-02-04T07:07:45,2022-02-04T18:02:42,0.1,Partially cloudy,Partly cloudy throughout the day.,partly-cloudy-day,"42182099999,42176099999,VIDP,42139099999,42181099999,VIDD"
"delhi, India",2022-02-05,19.6,8,12.5,19.6,6.8,12.4,9.2,82.4,0,0,0,,0,0,17.3,8.2,291.9,1013.8,45.5,1.3,177,15.2,6,,2022-02-05T07:07:07,2022-02-05T18:03:30,0.13,Partially cloudy,Partly cloudy throughout the day.,partly-cloudy-day,"42182099999,42176099999,VIDP,42139099999,42181099999,VIDD"
"delhi, India",2022-02-06,22.8,6.4,14.1,22.8,6.4,14.1,7.8,72,0,0,0,,0,0,18.4,10.6,141.5,1015.9,8.4,1.9,204.7,17.7,7,,2022-02-06T07:06:28,2022-02-06T18:04:18,0.16,Clear,Clear conditions throughout the day.,clear-day,"42182099999,42176099999,VIDP,42139099999,42181099999,VIDD"
"delhi, India",2022-02-07,25.6,10.4,17.4,25.6,10.4,17.4,11.6,72.1,0,0,0,,0,0,20.2,9.4,140.5,1014.9,27.3,2.5,200.9,17.4,7,,2022-02-07T07:05:48,2022-02-07T18:05:06,0.19,Partially cloudy,Partly cloudy throughout the day.,partly-cloudy-day,"42182099999,42176099999,VIDP,42139099999,42181099999,VIDD"
"delhi, India",2022-02-08,25.6,12.2,18.5,25.6,12.2,18.5,13.9,77.3,0,0,0,,0,0,19.4,9.4,45.7,1013.2,50.4,2.3,182.3,15.7,7,,2022-02-08T07:05:07,2022-02-08T18:05:53,0.25,Partially cloudy,Partly cloudy throughout the day.,partly-cloudy-day,"42182099999,42176099999,VIDP,42139099999,42181099999,VIDD"
"delhi, India",2022-02-09,21.5,13,16.5,21.5,13,16.5,13.6,84.6,14.208,100,8.33,rain,0,0,37.1,14.8,344,1015.2,72.3,1.9,144.6,12.6,7,,2022-02-09T07:04:24,2022-02-09T18:06:40,0.26,"Rain, Partially cloudy",Partly cloudy throughout the day with rain clearing later.,rain,"42182099999,42176099999,VIDP,42139099999,42181099999,VIDD"
"delhi, India",2022-02-10,22.6,10.4,15.7,22.6,10.4,15.7,10.4,74.5,0,0,0,,0,0,34.2,18.4,215.2,1017.7,37.2,1.7,190.6,16.5,8,,2022-02-10T07:03:41,2022-02-10T18:07:26,0.29,Partially cloudy,Partly cloudy throughout the day.,partly-cloudy-day,"42182099999,42176099999,VIDP,42139099999,42181099999,VIDD"
"delhi, India",2022-02-11,21.8,9.2,15.5,21.8,8.2,15.4,8.9,69.7,0,0,0,,0,0,40,26,199.5,1016.1,14.4,2.5,216.3,18.8,8,,2022-02-11T07:02:56,2022-02-11T18:08:13,0.32,Clear,Clear conditions throughout the day.,clear-day,"42182099999,42176099999,VIDP,42139099999,42181099999,VIDD"
"delhi, India",2022-02-12,22.8,9.8,16,22.8,8.6,16,8.6,66.7,0,0,0,,0,0,33.5,21,292.7,1014.6,0.7,2.5,220.4,19,8,,2022-02-12T07:02:09,2022-02-12T18:08:58,0.36,Clear,Clear conditions throughout the day.,clear-day,"42182099999,42176099999,VIDP,42139099999,42181099999,VIDD"
"delhi, India",2022-02-13,27.3,8.5,17.4,26.6,8.5,17.4,9.3,65.5,0,0,0,,0,0,15.8,7.6,140.3,1013.4,0,2.5,216.6,18.7,8,,2022-02-13T07:01:22,2022-02-13T18:09:44,0.39,Clear,Clear conditions throughout the day.,clear-day,"42182099999,42176099999,VIDP,42139099999,42181099999,VIDD"
"delhi, India",2022-02-14,26.6,9.4,17.9,26.6,9.4,17.9,9.5,64.6,0,0,0,,0,0,16.6,10.9,150.6,1013.4,0,2.5,217.1,18.8,8,,2022-02-14T07:00:34,2022-02-14T18:10:29,0.42,Clear,Clear conditions throughout the day.,clear-day,"42182099999,42176099999,VIDP,42139099999,42181099999,VIDD"
"delhi, India",2022-02-15,25.8,10.5,18.8,25.8,10.5,18.8,9.3,58.3,0,0,0,,0,0,14.8,13,182.3,1013.4,2.3,2.8,215.8,18.8,8,,2022-02-15T06:59:44,2022-02-15T18:11:13,0.45,Clear,Clear conditions throughout the day.,clear-day,"42182099999,42176099999,VIDP,42139099999,42181099999,VIDD"
"delhi, India",2022-02-16,25.3,10.5,18.1,25.3,10.5,18.1,11.2,68.5,0,0,0,,0,0,21.6,10.1,230.6,1011.3,0.2,2.2,216.2,18.7,8,,2022-02-16T06:58:53,2022-02-16T18:11:58,0.5,Clear,Clear conditions throughout the day.,clear-day,"42182099999,42176099999,VIDP,42139099999,42181099999,VIDD"
"delhi, India",2022-02-17,26.6,12.1,18.4,26.6,12.1,18.4,10.3,66.4,0,0,0,,0,0,19.1,8.6,186.3,1011.2,0.2,2.7,216.9,18.5,8,,2022-02-17T06:58:02,2022-02-17T18:12:41,0.52,Clear,Clear conditions throughout the day.,clear-day,"42182099999,42176099999,VIDP,42139099999,42181099999,VIDD"
"delhi, India",2022-02-18,27.8,10.5,19.1,26.6,10.5,19,9.5,61.6,0,0,0,,0,0,20.5,13,297.1,1012.4,13.6,2.8,219.3,18.9,8,,2022-02-18T06:57:09,2022-02-18T18:13:25,0.56,Clear,Clear conditions throughout the day.,clear-day,"42182099999,42176099999,VIDP,42139099999,42181099999,VIDD"
"delhi, India",2022-02-19,25,12.2,18.8,25,12.2,18.8,10.5,64,0,0,0,,0,0,31.3,12.3,227.4,1013.8,13.6,2.8,226.6,19.7,8,,2022-02-19T06:56:15,2022-02-19T18:14:08,0.59,Clear,Clear conditions throughout the day.,clear-day,"42182099999,42176099999,VIDP,42139099999,42181099999,VIDD"
"delhi, India",2022-02-20,23.8,12,17.9,23.8,12,17.9,11.5,69.4,0,0,0,,0,0,40.3,21.6,246.6,1008.4,0.4,2.6,222.1,19.1,8,,2022-02-20T06:55:21,2022-02-20T18:14:50,0.63,Clear,Clear conditions throughout the day.,clear-day,"42182099999,42176099999,VIDP,42139099999,42181099999,VIDD"
"delhi, India",2022-02-21,25.8,10.4,18,25.8,10.4,18,7.4,57.4,0,0,0,,0,0,21.2,16.6,254.2,1008.3,0,3.4,233.6,20.1,8,,2022-02-21T06:54:25,2022-02-21T18:15:33,0.66,Clear,Clear conditions throughout the day.,clear-day,"42182099999,42176099999,VIDP,42139099999,42181099999,VIDD"
"delhi, India",2022-02-22,25.9,10.9,19.1,25.9,10.9,19.1,10.1,58.6,0,0,0,,0,0,49.3,27.7,118,1010.1,28.5,3.2,227,19.7,8,,2022-02-22T06:53:29,2022-02-22T18:16:14,0.7,Partially cloudy,Partly cloudy throughout the day.,partly-cloudy-day,"42182099999,42176099999,VIDP,42139099999,42181099999,VIDD"
"delhi, India",2022-02-23,23.8,15,19.2,23.8,15,19.2,15.1,78.2,0,0,0,,0,0,40.7,22.3,130.9,1013.9,35.5,2.3,216.9,18.7,7,,2022-02-23T06:52:32,2022-02-23T18:16:56,0.73,Partially cloudy,Partly cloudy throughout the day.,partly-cloudy-day,"42182099999,42176099999,VIDP,42139099999,42181099999,VIDD"
"delhi, India",2022-02-24,25.8,13.5,19.6,25.8,13.5,19.6,13.5,72,0,0,0,,0,0,22.3,16.1,266.1,1015.6,30.4,2.2,196,17,8,,2022-02-24T06:51:33,2022-02-24T18:17:37,0.75,Partially cloudy,Partly cloudy throughout the day.,partly-cloudy-day,"42182099999,42176099999,VIDP,42139099999,42181099999,VIDD"
"delhi, India",2022-02-25,27,13.4,20.1,27,13.4,20.1,13.9,71.7,2.149,100,4.17,rain,0,0,33.5,20.5,147.9,1016,38.5,2.4,218.7,18.8,8,,2022-02-25T06:50:34,2022-02-25T18:18:17,0.81,"Rain, Partially cloudy",Partly cloudy throughout the day with late afternoon rain.,rain,"42182099999,42176099999,VIDP,42139099999,42181099999,VIDD"
"delhi, India",2022-02-26,23.6,15.1,18.4,23.6,15.1,18.4,12.6,70.8,6.805,100,4.17,rain,0,0,40.7,27.7,121.2,1017.2,73,3.1,223,19.3,8,,2022-02-26T06:49:35,2022-02-26T18:18:58,0.84,"Rain, Partially cloudy",Partly cloudy throughout the day with early morning rain.,rain,"42182099999,42176099999,VIDP,42139099999,42181099999,VIDD"
"delhi, India",2022-02-27,24.8,14,18.7,24.8,14,18.7,12.2,70.2,0.925,100,4.17,rain,0,0,25.9,13.2,339.5,1018.4,43.7,3.2,233.5,20.3,8,,2022-02-27T06:48:34,2022-02-27T18:19:37,0.88,"Rain, Partially cloudy",Clearing in the afternoon with early morning rain.,rain,"42182099999,42176099999,VIDP,42139099999,42181099999,VIDD,remote"
"delhi, India",2022-02-28,24.8,12,18.1,24.8,12,18.1,9.6,62.7,0,0,0,,0,0,28.8,14.8,272.1,1016.7,17.3,3.3,245.2,21.1,8,,2022-02-28T06:47:33,2022-02-28T18:20:17,0.91,Clear,Clear conditions throughout the day.,clear-day,"42182099999,42176099999,VIDP,42139099999,42181099999,VIDD"
"delhi, India",2022-03-01,25,11.2,18.3,25,11.2,18.3,11.6,68.6,0,0,0,,0,0,22.7,12.3,208,1016.9,16.9,3,242.8,20.8,8,,2022-03-01T06:46:31,2022-03-01T18:20:56,0.95,Clear,Clear conditions throughout the day.,clear-day,"42182099999,42176099999,VIDP,42139099999,42181099999,VIDD"
"delhi, India",2022-03-02,26.8,12.4,19.4,26.5,12.4,19.4,12.5,68.7,0,0,0,,0,0,19.4,14.4,184.8,1016.6,10.3,2.5,242.6,20.8,8,,2022-03-02T06:45:29,2022-03-02T18:21:35,0,Clear,Clear conditions throughout the day.,clear-day,"42182099999,42176099999,VIDP,42139099999,42181099999,VIDD"
"delhi, India",2022-03-03,28.8,15.6,21.8,27.7,15.6,21.7,13.5,63.7,0,0,0,,0,0,25.6,16.6,253.1,1015.3,51.9,3,221.6,19.1,8,,2022-03-03T06:44:26,2022-03-03T18:22:13,0.02,Partially cloudy,Partly cloudy throughout the day.,partly-cloudy-day,"42182099999,42176099999,VIDP,42139099999,42181099999,VIDD"
"delhi, India",2022-03-04,25,16,20.4,25,16,20.4,15,73.3,0,0,0,,0,0,31.7,16.6,308.5,1016.2,25.7,2.9,229.6,19.8,8,,2022-03-04T06:43:22,2022-03-04T18:22:51,0.05,Partially cloudy,Partly cloudy throughout the day.,partly-cloudy-day,"42182099999,42176099999,VIDP,42139099999,42181099999,VIDD"
"delhi, India",2022-03-05,25.6,13,19.5,25.6,13,19.5,13.5,71.6,0,0,0,,0,0,35.3,20.5,288.5,1014.9,5.3,3.1,249.7,21.6,9,,2022-03-05T06:42:17,2022-03-05T18:23:29,0.08,Clear,Clear conditions throughout the day.,clear-day,"42182099999,42176099999,VIDP,42139099999,42181099999"
"delhi, India",2022-03-06,27.1,14.8,20.3,27,14.8,20.3,13.9,70,0,0,0,,0,0,17.3,10.6,271.5,1013.8,59.4,3,213.1,18.4,7,,2022-03-06T06:41:13,2022-03-06T18:24:06,0.11,Partially cloudy,Partly cloudy throughout the day.,partly-cloudy-day,"42182099999,42176099999,VIDP,42139099999,42181099999"
"delhi, India",2022-03-07,29,16,22.1,28,16,22,13.8,63.8,0,0,0,,0,0,19.8,11.2,147.4,1015,64.2,2.9,231.2,20.1,8,,2022-03-07T06:40:07,2022-03-07T18:24:43,0.15,Partially cloudy,Partly cloudy throughout the day.,partly-cloudy-day,"42182099999,42176099999,VIDP,42139099999,42181099999"
"delhi, India",2022-03-08,29.9,17,22.5,28.9,17,22.3,13.8,62.9,0,0,0,,0,0,26.6,18.4,293.5,1014.3,30,2.6,253.4,21.9,9,,2022-03-08T06:39:01,2022-03-08T18:25:20,0.18,Partially cloudy,Partly cloudy throughout the day.,partly-cloudy-day,"42182099999,42176099999,VIDP,42139099999,42181099999"
"delhi, India",2022-03-09,30.6,16,23.1,28.8,16,22.7,11.6,56.2,0,0,0,,0,0,28.1,18.4,283,1013.2,40.6,3.1,249,21.3,9,,2022-03-09T06:37:55,2022-03-09T18:25:57,0.21,Partially cloudy,Partly cloudy throughout the day.,partly-cloudy-day,"42182099999,42176099999,VIDP,42139099999,42181099999"
"delhi, India",2022-03-10,29,17,22.9,27.9,17,22.7,12.9,57,0,0,0,,0,0,30.2,21.1,266.5,1013.1,29.1,3.2,253.3,21.8,9,,2022-03-10T06:36:48,2022-03-10T18:26:33,0.25,Partially cloudy,Partly cloudy throughout the day.,partly-cloudy-day,"42182099999,42176099999,VIDP,42139099999,42181099999"
"delhi, India",2022-03-11,29,16.7,22.7,27.9,16.7,22.6,14.7,65.2,0,0,0,,0,0,33.5,22.3,278.8,1013.4,0.2,3,259.5,22.5,9,,2022-03-11T06:35:41,2022-03-11T18:27:09,0.27,Clear,Clear conditions throughout the day.,clear-day,"42182099999,42176099999,VIDP,42139099999,42181099999"
"delhi, India",2022-03-12,30.6,16,23.1,29.6,16,22.9,13.6,58.9,0,0,0,,0,0,33.5,22.3,242.8,1011.7,10.1,3.3,263.7,22.6,9,,2022-03-12T06:34:34,2022-03-12T18:27:44,0.31,Clear,Clear conditions throughout the day.,clear-day,"42182099999,42176099999,VIDP,42139099999,42181099999,VIDD"
"delhi, India",2022-03-13,31.6,17.7,24.5,30.9,17.7,24.4,15.7,61.9,0,0,0,,0,0,28.8,16.6,259.5,1011.4,9.2,3.1,257.1,22.4,9,,2022-03-13T06:33:26,2022-03-13T18:28:20,0.34,Clear,Clear conditions throughout the day.,clear-day,"42182099999,42176099999,VIDP,42139099999,42181099999"
"delhi, India",2022-03-14,32.6,18.5,25.6,32.6,18.5,25.7,18.3,68.1,0,0,0,,0,0,23,14.8,274.5,1010.7,0,2.7,259.4,22.4,9,,2022-03-14T06:32:18,2022-03-14T18:28:55,0.37,Clear,Clear conditions throughout the day.,clear-day,"42182099999,42176099999,VIDP,42139099999,42181099999"
"delhi, India",2022-03-15,34,20.2,26.9,34.1,20.2,27.5,19.8,69.5,0,0,0,,0,0,29.2,18.4,288.9,1008.1,5.7,2.9,258.6,22.4,9,,2022-03-15T06:31:09,2022-03-15T18:29:30,0.4,Clear,Clear conditions throughout the day.,clear-day,"42182099999,42176099999,VIDP,42139099999,42181099999"
"delhi, India",2022-03-16,34.3,21,27.6,34.3,21,28.1,19.4,65.1,0,0,0,,0,0,40.7,24.4,281.1,1005.8,0.5,3,263.4,22.6,9,,2022-03-16T06:30:00,2022-03-16T18:30:05,0.43,Clear,Clear conditions throughout the day.,clear-day,"42182099999,42176099999,VIDP,42139099999,42181099999"
"delhi, India",2022-03-17,34.5,21.3,27.7,36.8,21.3,28.8,20,66.2,0,0,0,,0,0,16.2,9.4,248.2,1006.5,2.1,2.8,263.1,22.7,9,,2022-03-17T06:28:51,2022-03-17T18:30:40,0.47,Clear,Clear conditions throughout the day.,clear-day,"42182099999,42176099999,VIDP,42139099999,42181099999"
"delhi, India",2022-03-18,34.5,22.9,28.2,38.2,22.9,29.8,21.8,70.7,0,0,0,,0,0,34.2,14.5,128.9,1007.8,0.3,2.4,261.4,22.4,9,,2022-03-18T06:27:42,2022-03-18T18:31:14,0.5,Clear,Clear conditions throughout the day.,clear-day,"42182099999,42176099999,VIDP,42139099999,42181099999"
"delhi, India",2022-03-19,36.2,21,28.5,39,21,29.5,19.9,64.3,0,0,0,,0,0,22,11.2,146.4,1005.6,0.1,3,265.8,23.1,9,,2022-03-19T06:26:33,2022-03-19T18:31:48,0.53,Clear,Clear conditions throughout the day.,clear-day,"42182099999,42176099999,VIDP,42139099999,42181099999"
"delhi, India",2022-03-20,37.1,23.5,29.6,35.2,23.5,28.9,15.2,49.7,0,0,0,,0,0,22,13,188.7,1004.2,24.1,3.4,265.4,23.1,9,,2022-03-20T06:25:24,2022-03-20T18:32:23,0.57,Partially cloudy,Partly cloudy throughout the day.,partly-cloudy-day,"42182099999,42176099999,VIDP,42139099999,42181099999"
"delhi, India",2022-03-21,36.1,22.1,28.8,36.5,22.1,29.2,17.4,54,0,0,0,,0,0,28.1,18.4,311.2,1006.4,17.7,2.7,268.6,23.3,9,,2022-03-21T06:24:14,2022-03-21T18:32:57,0.61,Clear,Clear conditions throughout the day.,clear-day,"42182099999,42176099999,VIDP,42139099999,42181099999"
"delhi, India",2022-03-22,34.2,22,28.3,32.6,22,28,15.8,51.2,0,0,0,,0,0,37.1,25.9,295.5,1007.5,0,3.2,281.5,24.2,9,,2022-03-22T06:23:04,2022-03-22T18:33:30,0.64,Clear,Clear conditions throughout the day.,clear-day,"42182099999,42176099999,VIDP,42139099999,42181099999"
"delhi, India",2022-03-23,35,20.3,27.8,33.4,20.3,27.5,15,50.1,0,0,0,,0,0,24.8,13,285.4,1007.2,18.8,3,275.4,23.9,9,,2022-03-23T06:21:55,2022-03-23T18:34:04,0.68,Clear,Clear conditions throughout the day.,clear-day,"42182099999,42176099999,VIDP,42139099999,42181099999"
"delhi, India",2022-03-24,34.8,21,28,33,21,27.2,12.2,42,0,0,0,,0,0,29.2,19.5,296.4,1005.7,6.9,3.6,281.4,24.3,9,,2022-03-24T06:20:45,2022-03-24T18:34:38,0.71,Clear,Clear conditions throughout the day.,clear-day,"42182099999,42176099999,VIDP,42139099999,42181099999"
"delhi, India",2022-03-25,34.5,20.6,27.6,33,20.6,27,14.7,51.5,0,0,0,,0,0,34.9,18.4,284.7,1007.2,0,3.1,284,24.3,9,,2022-03-25T06:19:35,2022-03-25T18:35:12,0.75,Clear,Clear conditions throughout the day.,clear-day,"42182099999,42176099999,VIDP,42139099999,42181099999"
"delhi, India",2022-03-26,34,20,27,32.5,20,26.3,12.4,45.2,0,0,0,,0,0,51.5,27.7,289.8,1009,0,3.1,288,24.9,9,,2022-03-26T06:18:26,2022-03-26T18:35:45,0.79,Clear,Clear conditions throughout the day.,clear-day,"42182099999,42176099999,VIDP,42139099999,42181099999,remote"
"delhi, India",2022-03-27,36.1,21.2,28,34.1,21.2,27.3,11.8,41.5,0,0,0,,0,0,35.6,16.9,298.9,1008.5,0,3.6,289.8,25.3,9,,2022-03-27T06:17:16,2022-03-27T18:36:19,0.82,Clear,Clear conditions throughout the day.,clear-day,"42182099999,42176099999,VIDP,42139099999,42181099999,remote"
"delhi, India",2022-03-28,38.2,21,29.6,35.9,21,28.5,9.5,34.8,0,0,0,,0,0,24.8,18.4,265.1,1007.6,0,3.6,289.7,25.3,9,,2022-03-28T06:16:06,2022-03-28T18:36:52,0.86,Clear,Clear conditions throughout the day.,clear-day,"42182099999,42176099999,VIDP,42139099999,42181099999,VIDD"
"delhi, India",2022-03-29,40,20.3,30.3,36.8,20.3,29.1,9.2,31.9,0,0,0,,0,0,29.9,18.4,293.7,1005.8,0,3.2,291.3,25.3,10,,2022-03-29T06:14:57,2022-03-29T18:37:25,0.89,Clear,Clear conditions throughout the day.,clear-day,"42182099999,42176099999,VIDP,42139099999,42181099999"
"delhi, India",2022-03-30,39,21.2,30.5,37.3,21.2,29.4,10.5,34.4,0,0,0,,0,0,17.6,9.5,319.1,1006,0,3.6,289.6,25.3,9,,2022-03-30T06:13:48,2022-03-30T18:37:59,0.93,Clear,Clear conditions throughout the day.,clear-day,"42182099999,42176099999,VIDP,42139099999,42181099999"
"delhi, India",2022-03-31,38.6,21.7,30.7,39.3,21.7,29.9,11.8,34.4,0,0,0,,0,0,24.1,13.2,90.5,1006.5,0,2.8,287.5,24.8,9,,2022-03-31T06:12:38,2022-03-31T18:38:32,0.96,Clear,Clear conditions throughout the day.,clear-day,"42182099999,42176099999,VIDP,42139099999,42181099999"
"delhi, India",2022-04-01,36,23.9,29.9,33.4,23.9,28.6,6.9,29,0,0,0,,0,0,33.5,14.8,295.4,1007.1,0,3.7,300.9,26,10,,2022-04-01T06:11:29,2022-04-01T18:39:05,0,Clear,Clear conditions throughout the day.,clear-day,"42182099999,42176099999,VIDP,42139099999,42181099999"
"delhi, India",2022-04-02,39,19.7,29.9,36.6,19.7,28.7,7.1,28.1,0,0,0,,0,0,18.7,11.2,251.7,1008.3,0,3.5,298.2,25.7,10,,2022-04-02T06:10:21,2022-04-02T18:39:39,0.03,Clear,Clear conditions throughout the day.,clear-day,"42182099999,42176099999,VIDP,42139099999,42181099999"
"delhi, India",2022-04-03,39,21.4,30.3,36.1,21.4,28.9,5.2,26.1,0,0,0,,0,0,21.2,18.4,327,1007.5,0,3.9,303.1,26.1,10,,2022-04-03T06:09:12,2022-04-03T18:40:12,0.06,Clear,Clear conditions throughout the day.,clear-day,"42182099999,42176099999,VIDP,42139099999,42181099999"
"delhi, India",2022-04-04,38,21.4,30.2,35.5,21.4,28.9,5.8,24.6,0,0,0,,0,0,33.5,18.4,283.7,1007.4,0,3.6,301.3,26,10,,2022-04-04T06:08:04,2022-04-04T18:40:45,0.1,Clear,Clear conditions throughout the day.,clear-day,"42182099999,42176099999,VIDP,42139099999,42181099999"
"delhi, India",2022-04-05,38.4,20.8,30.2,35.6,20.8,28.8,5.9,26.7,0,0,0,,0,0,29.9,19.6,288.4,1010.5,17.4,3.9,303.3,26.2,10,,2022-04-05T06:06:56,2022-04-05T18:41:19,0.13,Clear,Clear conditions throughout the day.,clear-day,"42182099999,42176099999,VIDP,42139099999,42181099999"
"delhi, India",2022-04-06,40,21.1,30.7,36.4,21.1,29.3,5.2,23.9,0,0,0,,0,0,32,18.4,285.2,1010.5,26.8,3.5,302.5,26.1,10,,2022-04-06T06:05:48,2022-04-06T18:41:52,0.16,Partially cloudy,Partly cloudy throughout the day.,partly-cloudy-day,"42182099999,42176099999,VIDP,42139099999,42181099999"
"delhi, India",2022-04-07,40,21.3,31.4,37.4,21.3,30,7.4,25.2,0,0,0,,0,0,33.5,15.2,282.7,1009.6,0,3.8,301,25.9,10,,2022-04-07T06:04:41,2022-04-07T18:42:26,0.19,Clear,Clear conditions throughout the day.,clear-day,"42182099999,42176099999,VIDP,42139099999,42181099999"
"delhi, India",2022-04-08,42,21.8,32.1,38.5,21.8,30.5,5.3,23.1,0,0,0,,0,0,24.5,18.4,290,1006.9,0,3.3,303.3,26.1,10,,2022-04-08T06:03:34,2022-04-08T18:42:59,0.23,Clear,Clear conditions throughout the day.,clear-day,"42182099999,42176099999,VIDP,42139099999,42181099999"
"delhi, India",2022-04-09,41.6,22.2,33,38.7,22.2,31.3,6,23.5,0,0,0,,0,0,31,16.6,288.9,1005,0.3,3.5,291.9,25.2,10,,2022-04-09T06:02:28,2022-04-09T18:43:33,0.25,Clear,Clear conditions throughout the day.,clear-day,"42182099999,42176099999,VIDP,42139099999,42181099999"
"delhi, India",2022-04-10,42,25.9,33.4,39.5,25.9,31.5,5.6,20.9,0,0,0,,0,0,37.1,18.4,280.5,1004.4,0,3.4,304.9,26.2,10,,2022-04-10T06:01:22,2022-04-10T18:44:07,0.29,Clear,Clear conditions throughout the day.,clear-day,"42182099999,42176099999,VIDP,42139099999,42181099999"
"delhi, India",2022-04-11,42,24.6,33.7,39.7,24.6,31.9,7.1,22.8,0,0,0,,0,0,28.8,18.4,268.1,1003.8,14,3.3,301.3,25.9,10,,2022-04-11T06:00:16,2022-04-11T18:44:40,0.32,Clear,Clear conditions throughout the day.,clear-day,"42182099999,42176099999,VIDP,42139099999,42181099999"
"delhi, India",2022-04-12,39,24.9,32.7,36.6,24.9,31,6.9,22.3,0,0,0,,0,0,22.3,18.4,254,1004,44.7,3.7,267.5,23,9,,2022-04-12T05:59:11,2022-04-12T18:45:14,0.35,Partially cloudy,Partly cloudy throughout the day.,partly-cloudy-day,"42182099999,42176099999,VIDP,42139099999,42181099999"
"delhi, India",2022-04-13,39.9,23.5,32.8,37.6,23.5,31.2,8.3,26,0,0,0,,0,0,21.2,14.8,243.5,1003.3,22.3,3.6,305,26.4,10,,2022-04-13T05:58:06,2022-04-13T18:45:48,0.39,Partially cloudy,Partly cloudy throughout the day.,partly-cloudy-day,"42182099999,42176099999,VIDP,42139099999,42181099999"
"delhi, India",2022-04-14,38.6,27,32.3,36.7,26.4,30.7,7.5,23.1,0.149,100,4.17,rain,0,0,46.4,27.7,270.3,1003,35.4,3.4,294.6,25.4,10,,2022-04-14T05:57:02,2022-04-14T18:46:22,0.42,"Rain, Partially cloudy",Partly cloudy throughout the day with late afternoon rain.,rain,"42182099999,42176099999,VIDP,42139099999,42181099999"
"delhi, India",2022-04-15,40,25.5,32.4,37.1,25.5,31.1,9.5,27.1,0,0,0,,0,0,31.7,14.8,28.1,1002.9,21.8,3.6,302.8,26.1,10,,2022-04-15T05:55:59,2022-04-15T18:46:57,0.45,Partially cloudy,Partly cloudy throughout the day.,partly-cloudy-day,"42182099999,42176099999,VIDP,42139099999,42181099999"
"delhi, India",2022-04-16,40,23.7,32.1,37.6,23.7,30.8,9.7,30,0,0,0,,0,0,20.9,20.5,35.5,1002.5,18.3,3.5,306.8,26.6,10,,2022-04-16T05:54:56,2022-04-16T18:47:31,0.48,Clear,Clear conditions throughout the day.,clear-day,"42182099999,42176099999,VIDP,42139099999,42181099999"
"delhi, India",2022-04-17,39.9,24.2,32.6,38.4,24.2,31.3,9.6,28.2,0,0,0,,0,0,21.2,9.4,86.2,1003.4,14.2,3.5,311.3,27,10,,2022-04-17T05:53:53,2022-04-17T18:48:05,0.5,Clear,Clear conditions throughout the day.,clear-day,"42182099999,42176099999,VIDP,42139099999,42181099999"
"delhi, India",2022-04-18,42,24.4,33.4,40.3,24.4,32.1,10,27,0,0,0,,0,0,23.8,9.4,324.4,1005.2,14.1,3.4,303.9,26.2,10,,2022-04-18T05:52:51,2022-04-18T18:48:40,0.55,Clear,Clear conditions throughout the day.,clear-day,"42182099999,42176099999,VIDP,42139099999,42181099999"
"delhi, India",2022-04-19,43,25.3,34.3,40,25.3,32.8,9.7,25.8,0,0,0,,0,0,37.1,18.4,281.5,1006.9,12.5,3.2,295.2,25.5,10,,2022-04-19T05:51:50,2022-04-19T18:49:15,0.59,Clear,Clear conditions throughout the day.,clear-day,"42182099999,42176099999,VIDP,42139099999,42181099999"
"delhi, India",2022-04-20,41,27,33.8,38.8,26.4,32.2,7.8,22.6,0,0,0,,0,0,38.9,19.8,283.6,1005.5,40.2,2.8,311,27,10,,2022-04-20T05:50:50,2022-04-20T18:49:49,0.62,Partially cloudy,Partly cloudy throughout the day.,partly-cloudy-day,"42182099999,42176099999,VIDP,42139099999,42181099999,remote"
"delhi, India",2022-04-21,36,25.8,31.4,33.8,25.8,30.1,10.3,28.7,0,0,0,,0,0,40.7,18.4,308.2,1006.8,67,2.7,209.7,18,8,,2022-04-21T05:49:50,2022-04-21T18:50:24,0.66,Partially cloudy,Partly cloudy throughout the day.,partly-cloudy-day,"42182099999,42176099999,VIDP,42139099999,42181099999"
"delhi, India",2022-04-22,38,24.6,31.5,36.9,24.6,30.3,10,29.3,0.285,100,4.17,rain,0,0,46.4,27.7,287,1007.9,54.4,3.5,297.4,25.6,9,,2022-04-22T05:48:51,2022-04-22T18:50:59,0.69,"Rain, Partially cloudy",Partly cloudy throughout the day with early morning rain.,rain,"42182099999,42176099999,VIDP,42139099999,42181099999"
"delhi, India",2022-04-23,40,22.8,31.7,36.6,22.8,30.2,7.1,25.8,0,0,0,,0,0,33.5,18.4,286.8,1007.9,4.1,2.8,316.4,27.4,10,,2022-04-23T05:47:53,2022-04-23T18:51:35,0.75,Clear,Clear conditions throughout the day.,clear-day,"42182099999,42176099999,VIDP,42139099999,42181099999"
"delhi, India",2022-04-24,39,23.9,32.4,36.4,23.9,30.8,7.5,23.6,0,0,0,,0,0,46.4,21,276.8,1006,12.5,2.9,317.4,27.5,10,,2022-04-24T05:46:56,2022-04-24T18:52:10,0.77,Clear,Clear conditions throughout the day.,clear-day,"42182099999,42176099999,VIDP,42139099999,42181099999"
"delhi, India",2022-04-25,40.1,24.7,33.7,38.6,24.7,32.1,9,23.5,0,0,0,,0,0,64.8,46.4,284.2,1004.8,23.8,2.9,298.9,25.8,10,,2022-04-25T05:45:59,2022-04-25T18:52:45,0.8,Partially cloudy,Partly cloudy throughout the day.,partly-cloudy-day,"42182099999,42176099999,VIDP,42139099999,42181099999,remote"
"delhi, India",2022-04-26,39.8,27.4,33.5,38.1,26.9,31.8,8,22.6,0,0,0,,0,0,33.1,16.6,293.8,1005.2,38.4,2.8,313.5,27,10,,2022-04-26T05:45:04,2022-04-26T18:53:21,0.84,Partially cloudy,Partly cloudy throughout the day.,partly-cloudy-day,"42182099999,42176099999,VIDP,42139099999,42181099999"
"delhi, India",2022-04-27,42,24.2,33.9,38.5,24.2,32.1,7.3,23.7,0,0,0,,0,0,33.5,20.5,275.1,1004.8,0,2.9,322.8,27.6,10,,2022-04-27T05:44:09,2022-04-27T18:53:57,0.87,Clear,Clear conditions throughout the day.,clear-day,"42182099999,42176099999,VIDP,42139099999,42181099999"
"delhi, India",2022-04-28,43,23.7,34.6,41,23.7,32.9,8.2,23.3,0,0,0,,0,0,29.2,18.4,268.8,1004.6,0.9,2.9,316.6,27.4,10,,2022-04-28T05:43:15,2022-04-28T18:54:32,0.91,Clear,Clear conditions throughout the day.,clear-day,"42182099999,42176099999,VIDP,42139099999,42181099999"
"delhi, India",2022-04-29,43.3,27.6,35.8,40.4,27.7,33.7,7.1,20.2,0,0,0,,0,0,37.1,16.7,270.1,1003.9,3.8,3.6,315.6,27.2,10,,2022-04-29T05:42:22,2022-04-29T18:55:08,0.94,Clear,Clear conditions throughout the day.,clear-day,"42182099999,42176099999,VIDP,42139099999,42181099999"
"delhi, India",2022-04-30,43.2,27.5,35.6,40.7,27,33.4,5.5,17.8,0,0,0,,0,0,29.2,14.8,228,1001.2,2.9,3.7,312.7,27.1,10,,2022-04-30T05:41:30,2022-04-30T18:55:44,0.98,Clear,Clear conditions throughout the day.,clear-day,"42182099999,42176099999,VIDP,42139099999,42181099999"
"delhi, India",2022-05-01,40,28.2,33.9,42.3,28.3,34,14.4,32.4,0,0,0,,0,0,43.9,22.3,98.1,1000.3,43.3,3.2,297.9,25.6,9,,2022-05-01T05:40:38,2022-05-01T18:56:20,0,Partially cloudy,Partly cloudy throughout the day.,partly-cloudy-day,"42182099999,42176099999,VIDP,42139099999,42181099999"
"delhi, India",2022-05-02,40,28.4,34.1,42,30.3,35.5,18,41.7,0,0,0,,0,0,46.4,22.3,99.9,1000.4,32.8,3.1,311.2,26.9,10,,2022-05-02T05:39:48,2022-05-02T18:56:57,0.05,Partially cloudy,Partly cloudy throughout the day.,partly-cloudy-day,"42182099999,42176099999,VIDP,42139099999,42181099999"
"delhi, India",2022-05-03,37.7,29,33.2,42.1,31.3,36.2,20.7,49.2,0,0,0,,0,0,32,20.5,93,1003.2,33.9,2.8,296.8,25.5,10,,2022-05-03T05:38:59,2022-05-03T18:57:33,0.08,Partially cloudy,Partly cloudy throughout the day.,partly-cloudy-day,"42182099999,42176099999,VIDP,42139099999,42181099999"
"delhi, India",2022-05-04,37.2,24,31,43.1,24,33.5,20.5,55.8,0.97,100,4.17,rain,0,0,46.4,27.7,86,1005.6,61.4,2.4,285.7,24.7,9,,2022-05-04T05:38:11,2022-05-04T18:58:09,0.11,"Rain, Partially cloudy",Partly cloudy throughout the day with late afternoon rain.,rain,"42182099999,42176099999,VIDP,42139099999,42181099999,remote"
"delhi, India",2022-05-05,37,23.5,30,37.6,23.5,30.5,18.1,53.2,0,0,0,,0,0,25.9,9.8,37.8,1006.2,22.7,3.1,305.3,26.3,9,,2022-05-05T05:37:24,2022-05-05T18:58:46,0.14,Partially cloudy,Partly cloudy throughout the day.,partly-cloudy-day,"42182099999,42176099999,VIDP,42139099999,42181099999"
"delhi, India",2022-05-06,38,25.7,32.3,40.8,25.7,33.2,17.7,44.5,0,0,0,,0,0,33.5,17.9,124.1,1005.5,39.3,2.5,301.9,26,9,,2022-05-06T05:36:37,2022-05-06T18:59:22,0.18,Partially cloudy,Partly cloudy throughout the day.,partly-cloudy-day,"42182099999,42176099999,VIDP,42139099999,42181099999"
"delhi, India",2022-05-07,39.3,27.3,33.4,39.8,28.3,33.4,15.1,36.2,0,0,0,,0,0,22.7,11.2,60.2,1005,20.1,3.1,302.1,26.1,9,,2022-05-07T05:35:52,2022-05-07T18:59:58,0.21,Partially cloudy,Partly cloudy throughout the day.,partly-cloudy-day,"42182099999,42176099999,VIDP,42139099999,42181099999"
"delhi, India",2022-05-08,40,27.5,33.3,42.4,28.6,34.4,17.4,41.4,0,0,0,,0,0,25.9,18.4,101.8,1003.3,13.2,3.1,314.5,27.2,10,,2022-05-08T05:35:08,2022-05-08T19:00:35,0.24,Clear,Clear conditions throughout the day.,clear-day,"42182099999,42176099999,VIDP,42139099999,42181099999,remote"
"delhi, India",2022-05-09,39.3,28.5,33.8,43,30.8,36.1,19.6,45.3,0,0,0,,0,0,38.9,20.5,100.9,1003,0.5,3.5,304.5,26.2,10,,2022-05-09T05:34:26,2022-05-09T19:01:11,0.25,Clear,Clear conditions throughout the day.,clear-day,"42182099999,42176099999,VIDP,42139099999,42181099999"
"delhi, India",2022-05-10,38.9,29.8,33.8,44.8,31.3,36.5,20.1,45.9,0,0,0,,0,0,38.5,22.3,108.8,1003.4,9.7,3.4,296.9,25.5,9,,2022-05-10T05:33:44,2022-05-10T19:01:48,0.31,Clear,Clear conditions throughout the day.,clear-day,"42182099999,42176099999,VIDP,42139099999,42181099999"
"delhi, India",2022-05-11,40.4,29,34.6,47.8,30.3,37.8,20.2,44.4,0,0,0,,0,0,28.4,14.8,104.7,1001.4,2.3,3.4,300.1,26,9,,2022-05-11T05:33:03,2022-05-11T19:02:24,0.34,Clear,Clear conditions throughout the day.,clear-day,"42182099999,42176099999,VIDP,42139099999,42181099999"
"delhi, India",2022-05-12,43,30,35.9,45.4,33.3,38.8,19.7,41.8,0,0,0,,0,0,31,16.6,114.5,999.7,8.3,3.4,307.4,26.7,9,,2022-05-12T05:32:24,2022-05-12T19:03:01,0.37,Clear,Clear conditions throughout the day.,clear-day,"42182099999,42176099999,VIDP,42139099999,42181099999"
"delhi, India",2022-05-13,44,28.8,35,46.1,31.9,38,20,45.9,0,0,0,,0,0,33.5,18.4,76.5,997.4,9.5,3.7,315.4,27.3,10,,2022-05-13T05:31:46,2022-05-13T19:03:37,0.41,Clear,Clear conditions throughout the day.,clear-day,"42182099999,42176099999,VIDP,42139099999,42181099999"
"delhi, India",2022-05-14,44,29,37.2,44,32.4,37,12.6,28.4,0,0,0,,0,0,29.9,18.3,275,997.6,0,3.3,328.7,28.5,10,,2022-05-14T05:31:09,2022-05-14T19:04:13,0.44,Clear,Clear conditions throughout the day.,clear-day,"42182099999,42176099999,VIDP,42139099999,42181099999"
"delhi, India",2022-05-15,45.3,27.6,37,45.3,27.8,36.1,9.3,21.3,0,0,0,,0,0,33.5,20,268.9,998.7,17.8,3.7,321.4,27.7,10,,2022-05-15T05:30:33,2022-05-15T19:04:49,0.47,Clear,Clear conditions throughout the day.,clear-day,"42182099999,42176099999,VIDP,42139099999,42181099999"
"delhi, India",2022-05-16,41.6,31.3,37.4,39.6,31.5,35.5,7.7,18.1,0,0,0,,0,0,40.7,20.6,247.4,998.9,59,2.9,302.4,26.1,9,,2022-05-16T05:29:59,2022-05-16T19:05:25,0.5,Partially cloudy,Partly cloudy throughout the day.,partly-cloudy-day,"42182099999,42176099999,VIDP,42139099999,42181099999"
"delhi, India",2022-05-17,42,28.4,34.6,41.5,28.4,34.5,14,31.2,0,0,0,,0,0,34.2,13,103.9,1000.1,23.7,3.1,289.1,24.9,10,,2022-05-17T05:29:26,2022-05-17T19:06:01,0.54,Partially cloudy,Partly cloudy throughout the day.,partly-cloudy-day,"42182099999,42176099999,VIDP,42139099999,42181099999"
"delhi, India",2022-05-18,41,31.6,35.8,41.3,32.1,36.1,15.4,31,0,0,0,,0,0,46.4,27.7,100.9,1001.9,52.5,3.3,291.6,25.2,9,,2022-05-18T05:28:54,2022-05-18T19:06:37,0.57,Partially cloudy,Partly cloudy throughout the day.,partly-cloudy-day,"42182099999,42176099999,VIDP,42139099999,42181099999"
"delhi, India",2022-05-19,43,28.8,36.2,44,30.4,36.7,15.3,32.6,0,0,0,,0,0,33.5,14.8,109.7,1001.2,2.5,3.4,318.3,27.3,10,,2022-05-19T05:28:23,2022-05-19T19:07:13,0.61,Clear,Clear conditions throughout the day.,clear-day,"42182099999,42176099999,VIDP,42139099999,42181099999"
"delhi, India",2022-05-20,44.1,29.6,37,44.1,32.5,37.3,14.5,30.6,0.525,100,8.33,rain,0,0,46.4,27.7,277.6,998.2,38.2,3.1,313.6,26.9,10,,2022-05-20T05:27:54,2022-05-20T19:07:48,0.64,"Rain, Partially cloudy",Becoming cloudy in the afternoon with late afternoon rain.,rain,"42182099999,42176099999,VIDP,42139099999,42181099999,VIDD"
"delhi, India",2022-05-21,42.2,26.7,34.8,42,27.7,34.2,13.4,30.8,0.979,100,4.17,rain,0,0,46.4,26.9,167.7,996.1,77,2.4,286.2,24.7,10,,2022-05-21T05:27:25,2022-05-21T19:08:23,0.68,"Rain, Partially cloudy",Partly cloudy throughout the day with late afternoon rain.,rain,"42182099999,42176099999,VIDP,42139099999,42181099999,VIDD"
"delhi, India",2022-05-22,39.2,24.6,32.2,40.4,24.6,32.8,17.4,44.9,0,0,0,,0,0,33.5,20.5,109.8,995.3,35.4,3.3,311.3,26.9,10,,2022-05-22T05:26:59,2022-05-22T19:08:58,0.71,Partially cloudy,Partly cloudy throughout the day.,partly-cloudy-day,"42182099999,42176099999,VIDP,42139099999,42181099999,VIDD"
"delhi, India",2022-05-23,31,18,25.7,32.6,18,26.6,19.7,71.2,18.988,100,12.5,rain,0,0,59.4,40.7,104.3,998.7,80.9,3.1,283.5,24.5,9,,2022-05-23T05:26:33,2022-05-23T19:09:32,0.75,"Rain, Partially cloudy",Partly cloudy throughout the day with rain.,rain,"42182099999,42176099999,VIDP,42139099999,42181099999,VIDD"
"delhi, India",2022-05-24,32,20,26.3,35.6,20,27.7,21,75.1,17.357,100,8.33,rain,0,0,42.5,63,67.8,1004.5,52.8,3.5,180.9,15.6,6,,2022-05-24T05:26:09,2022-05-24T19:10:07,0.78,"Rain, Partially cloudy",Partly cloudy throughout the day with early morning rain.,rain,"42182099999,42176099999,VIDP,42139099999,42181099999,VIDD"
"delhi, India",2022-05-25,33.8,24.6,29.1,37,24.6,31.2,21.8,66.6,0,0,0,,0,0,25.2,13,212.1,1005.2,41.2,2.9,277.2,24.1,8,,2022-05-25T05:25:46,2022-05-25T19:10:41,0.82,Partially cloudy,Partly cloudy throughout the day.,partly-cloudy-day,"42182099999,42176099999,VIDP,42139099999,42181099999,VIDD"
"delhi, India",2022-05-26,36,25,30.6,37.8,25,32.2,20.7,59.1,0,0,0,,0,0,20.2,11.2,40.2,1003,9.5,3.2,316.6,27.4,10,,2022-05-26T05:25:25,2022-05-26T19:11:14,0.85,Clear,Clear conditions throughout the day.,clear-day,"42182099999,42176099999,VIDP,42139099999,42181099999,VIDD"
"delhi, India",2022-05-27,38.8,27,32.2,42.8,29.6,34.5,20.1,50.5,0,0,0,,0,0,37.1,28.2,135.5,999.8,31.8,3.1,300.4,25.8,9,,2022-05-27T05:25:05,2022-05-27T19:11:47,0.89,Partially cloudy,Partly cloudy throughout the day.,partly-cloudy-day,"42182099999,42176099999,VIDP,42139099999,42181099999,VIDD"
"delhi, India",2022-05-28,40,28.2,34.4,46.5,29.6,38.3,21,46.6,0,0,0,,0,0,24.1,13,144.9,998,51.2,3.2,301.4,26.2,9,,2022-05-28T05:24:46,2022-05-28T19:12:20,0.92,Partially cloudy,Partly cloudy throughout the day.,partly-cloudy-day,"42182099999,42176099999,VIDP,42139099999,42181099999,VIDD"
"delhi, India",2022-05-29,41,29,34,47,31.4,38.2,21.7,50.4,0,0,0,,0,0,35.3,14.8,154.3,998.2,44,3.1,302.1,26.1,10,,2022-05-29T05:24:29,2022-05-29T19:12:52,0.96,Partially cloudy,Becoming cloudy in the afternoon.,partly-cloudy-day,"42182099999,42176099999,VIDP,42139099999,42181099999,VIDD"
"delhi, India",2022-05-30,39.8,25.1,31.4,47.3,25.1,34.7,21.9,59.4,15.371,100,4.17,rain,0,0,28.1,16.6,110.5,999.6,54.9,3.2,298.3,26,10,,2022-05-30T05:24:13,2022-05-30T19:13:24,0,"Rain, Partially cloudy",Partly cloudy throughout the day with afternoon rain.,rain,"42182099999,42176099999,VIDP,42139099999,42181099999,VIDD"
"delhi, India",2022-05-31,39.2,24.5,32.9,43.2,24.5,35.2,19.9,49.2,0,0,0,,0,0,25.6,9.4,204.9,999.8,31.4,2.9,302.5,26.1,9,,2022-05-31T05:23:58,2022-05-31T19:13:55,0.03,Partially cloudy,Partly cloudy throughout the day.,partly-cloudy-day,"42182099999,42176099999,VIDP,42139099999,42181099999,VIDD"
"delhi, India",2022-06-01,41.8,26.8,35,42.1,29.1,36,16.9,38.7,0,0,0,,0,0,26.3,11.2,296.2,1000.2,47.5,2.9,306.1,26.6,9,,2022-06-01T05:23:45,2022-06-01T19:14:26,0.06,Partially cloudy,Becoming cloudy in the afternoon.,partly-cloudy-day,"42182099999,42176099999,VIDP,42139099999,42181099999,VIDD"
"delhi, India",2022-06-02,41.5,28.7,35.4,43.8,29.7,35.8,15.8,32.8,0,0,0,,0,0,22.3,10.8,184.1,999.8,43.8,3.1,299,26,9,,2022-06-02T05:23:33,2022-06-02T19:14:56,0.09,Partially cloudy,Becoming cloudy in the afternoon.,partly-cloudy-day,"42182099999,42176099999,VIDP,42139099999,42181099999,VIDD"
"delhi, India",2022-06-03,43.2,27.2,35.6,40.4,28.1,34.8,12.6,28.5,0,0,0,,0,0,33.5,15.4,245.7,998.9,30.6,3.5,325.1,28.1,10,,2022-06-03T05:23:22,2022-06-03T19:15:25,0.13,Partially cloudy,Partly cloudy throughout the day.,partly-cloudy-day,"42182099999,42176099999,VIDP,42139099999,42181099999,VIDD"
"delhi, India",2022-06-04,45,29.3,36.5,45,30,35.8,12.2,27,0,0,0,,0,0,22.3,16.6,276.4,999.3,26.6,3.5,316.4,27.2,10,,2022-06-04T05:23:13,2022-06-04T19:15:54,0.16,Partially cloudy,Partly cloudy throughout the day.,partly-cloudy-day,"42182099999,42176099999,VIDP,42139099999,42181099999,VIDD"
"delhi, India",2022-06-05,44,30.5,37.3,44,29.2,36,10.1,20.8,0,0,0,,0,0,32.8,17.4,259.8,999.5,29.1,3.5,304.9,26.3,10,,2022-06-05T05:23:05,2022-06-05T19:16:23,0.19,Partially cloudy,Partly cloudy throughout the day.,partly-cloudy-day,"42182099999,42176099999,VIDP,42139099999,42181099999,VIDD"
"delhi, India",2022-06-06,44,29,36.8,44,29.5,35.8,11.2,23.8,0,0,0,,0,0,28.4,18,156.4,998.7,17.4,3.4,323.9,27.9,10,,2022-06-06T05:22:58,2022-06-06T19:16:50,0.23,Clear,Clear conditions throughout the day.,clear-day,"42182099999,42176099999,VIDP,42139099999,42181099999,VIDD"
"delhi, India",2022-06-07,43.2,30.8,37.3,42,30.6,36,11.1,22.2,0,0,0,,0,0,40.7,23.2,204.2,998.3,17.6,2.9,294.4,25.7,10,,2022-06-07T05:22:53,2022-06-07T19:17:17,0.25,Clear,Clear conditions throughout the day.,clear-day,"42182099999,42176099999,VIDP,42139099999,42181099999,VIDD"
"delhi, India",2022-06-08,44,31.9,37.3,44,31,36,10.5,21.5,0,0,0,,0,0,44.6,29.6,210.2,998.1,16.2,2.5,314.1,27.1,10,,2022-06-08T05:22:49,2022-06-08T19:17:43,0.29,Clear,Clear conditions throughout the day.,clear-day,"42182099999,42176099999,VIDP,42139099999,42181099999,VIDD"
"delhi, India",2022-06-09,44,30.2,37.3,44,30.1,37,13.6,25.5,0,0,0,,0,0,38.2,16.3,195.8,997.1,16.5,3.3,278.4,24,9,,2022-06-09T05:22:47,2022-06-09T19:18:08,0.33,Clear,Clear conditions throughout the day.,clear-day,"42182099999,42176099999,VIDP,42139099999,42181099999,VIDD,remote"
"delhi, India",2022-06-10,43.2,32,37.8,44.4,32,37.9,14.4,26.1,0,0,0,,0,0,45,30.4,196.1,997.8,15.9,2.8,306.7,26.4,9,,2022-06-10T05:22:45,2022-06-10T19:18:32,0.36,Clear,Clear conditions throughout the day.,clear-day,"42182099999,42176099999,VIDP,42139099999,42181099999,VIDD"
"delhi, India",2022-06-11,44,32.1,37.7,44.1,30.6,37,11.9,22.1,0,0,0,,0,0,46.4,27.4,191.1,998,8.3,3.2,312.3,26.8,10,,2022-06-11T05:22:45,2022-06-11T19:18:56,0.39,Clear,Clear conditions throughout the day.,clear-day,"42182099999,42176099999,VIDP,42139099999,42181099999,VIDD"
"delhi, India",2022-06-12,43,32,37.7,43.2,30.6,37.4,13.7,24.7,0,0,0,,0,0,38.5,21.1,247,999.3,12.3,3.2,303.8,26.2,10,,2022-06-12T05:22:47,2022-06-12T19:19:18,0.43,Clear,Clear conditions throughout the day.,clear-day,"42182099999,42176099999,VIDP,42139099999,42181099999,VIDD"
"delhi, India",2022-06-13,43,33.2,37.6,45.3,33.6,38.4,16.2,29.2,0,0,0,,0,0,42.1,16.6,194.9,1001.2,58,3.4,276.3,23.8,9,,2022-06-13T05:22:49,2022-06-13T19:19:40,0.46,Partially cloudy,Partly cloudy throughout the day.,partly-cloudy-day,"42182099999,42176099999,VIDP,42139099999,42181099999,VIDD"
"delhi, India",2022-06-14,39.2,32,35.3,43.7,32,37.3,18.7,38,0,0,0,,0,0,45.4,21.4,252.9,1000.8,67.4,3.1,226.4,19.5,8,,2022-06-14T05:22:53,2022-06-14T19:20:01,0.5,Partially cloudy,Partly cloudy throughout the day.,partly-cloudy-day,"42182099999,42176099999,VIDP,42139099999,42181099999,VIDD"
"delhi, India",2022-06-15,42,30,36.1,46.4,31.3,38.8,19.5,39.3,0,0,0,,0,0,44.6,23,248.3,999,25,3.9,288.4,25.2,9,,2022-06-15T05:22:58,2022-06-15T19:20:21,0.53,Partially cloudy,Partly cloudy throughout the day.,partly-cloudy-day,"42182099999,42176099999,VIDP,42139099999,42181099999,VIDD"
"delhi, India",2022-06-16,39.6,28.2,34.1,44.9,30.8,37.1,20.5,46.1,0.74,100,4.17,rain,0,0,46.4,23.2,152.4,999.8,42.9,3.5,295.1,25.5,9,,2022-06-16T05:23:04,2022-06-16T19:20:40,0.56,"Rain, Partially cloudy",Partly cloudy throughout the day with early morning rain.,rain,"42182099999,42176099999,VIDP,42139099999,42181099999,VIDD"
"delhi, India",2022-06-17,36,25,29.2,41.3,25,32.3,22.9,70.8,17.506,100,12.5,rain,0,0,55.4,19.3,73.8,1001.1,76.8,3,209.8,18.1,7,,2022-06-17T05:23:12,2022-06-17T19:20:57,0.59,"Rain, Partially cloudy",Partly cloudy throughout the day with rain.,rain,"42182099999,42176099999,VIDP,42139099999,42181099999,VIDD"
"delhi, India",2022-06-18,32,26.1,28.9,37.7,26.1,32.6,23.7,74.1,0.618,100,8.33,rain,0,0,39.2,18,51.8,1002,87.9,2.4,167.1,14.4,6,,2022-06-18T05:23:20,2022-06-18T19:21:14,0.63,"Rain, Partially cloudy",Partly cloudy throughout the day with rain.,rain,"42182099999,42176099999,VIDP,42139099999,42181099999,VIDD"
"delhi, India",2022-06-19,31,25.2,28.1,36.5,25.2,31.1,23.3,75.8,0.06,100,4.17,rain,0,0,31,16.6,268.9,1001.4,87.6,2.8,163.6,14.1,7,,2022-06-19T05:23:30,2022-06-19T19:21:30,0.66,"Rain, Partially cloudy",Partly cloudy throughout the day with early morning rain.,rain,"42182099999,42176099999,VIDP,42139099999,42181099999,VIDD,remote"
"delhi, India",2022-06-20,32.3,25,29,38.1,25,31.3,21.6,65.6,0,0,0,,0,0,20.9,14.4,174.5,999.7,79.9,2.8,279,24.1,8,,2022-06-20T05:23:41,2022-06-20T19:21:44,0.7,Partially cloudy,Partly cloudy throughout the day.,partly-cloudy-day,"42182099999,42176099999,VIDP,42139099999,42181099999,VIDD"
"delhi, India",2022-06-21,34,26.3,30.2,38.4,26.3,33,21.6,61.2,0.51,100,4.17,rain,0,0,37.1,18.4,136.1,999,68.4,3.1,264.1,22.9,8,,2022-06-21T05:23:53,2022-06-21T19:21:58,0.75,"Rain, Partially cloudy",Partly cloudy throughout the day with morning rain.,rain,"42182099999,42176099999,VIDP,42139099999,42181099999,VIDD"
"delhi, India",2022-06-22,38,25,31,44.8,25,34.4,21.8,59.3,0,0,0,,0,0,37.1,18.4,264.7,1003.5,56.1,3.2,273,23.5,9,,2022-06-22T05:24:06,2022-06-22T19:22:10,0.77,Partially cloudy,Partly cloudy throughout the day.,partly-cloudy-day,"42182099999,42176099999,VIDP,42139099999,42181099999,VIDD"
"delhi, India",2022-06-23,38,27.2,33.1,43,29.9,35.6,20.1,48.1,0,0,0,,0,0,35.6,20.5,307,1004.4,24.5,3.6,311.6,26.7,9,,2022-06-23T05:24:21,2022-06-23T19:22:21,0.8,Partially cloudy,Partly cloudy throughout the day.,partly-cloudy-day,"42182099999,42176099999,VIDP,42139099999,42181099999"
"delhi, India",2022-06-24,40,27,33.3,41.4,27.9,33.7,15.6,38.6,0,0,0,,0,0,33.5,14.8,275.6,1001.9,0,3.1,322.7,27.8,10,,2022-06-24T05:24:36,2022-06-24T19:22:31,0.83,Clear,Clear conditions throughout the day.,clear-day,"42182099999,42176099999,VIDP,42139099999,42181099999"
"delhi, India",2022-06-25,40,26.8,34.3,43.5,28.2,34.6,15.4,34.8,0,0,0,,0,0,18.4,14.8,91.8,999.2,3.8,3.6,319.5,27.5,10,,2022-06-25T05:24:52,2022-06-25T19:22:40,0.87,Clear,Clear conditions throughout the day.,clear-day,"42182099999,42176099999,VIDP,42139099999,42181099999"
"delhi, India",2022-06-26,39.9,29.9,35,49.8,31.6,40.1,21.9,48,0,0,0,,0,0,35.3,24.1,103,1000.1,27.7,3.4,252.8,21.8,9,,2022-06-26T05:25:10,2022-06-26T19:22:47,0.9,Partially cloudy,Partly cloudy throughout the day.,partly-cloudy-day,"42182099999,42176099999,VIDP,42139099999,42181099999"
"delhi, India",2022-06-27,39.9,31.2,35.7,52.7,36.8,42.6,23.7,51.1,0,0,0,,0,0,33.5,18.4,108.9,1001.1,27,3.3,275.8,24,9,,2022-06-27T05:25:28,2022-06-27T19:22:53,0.94,Partially cloudy,Partly cloudy throughout the day.,partly-cloudy-day,"42182099999,42176099999,VIDP,42139099999,42181099999"
"delhi, India",2022-06-28,41,31.5,35.9,51.3,37.9,43.8,24.4,53.1,0,0,0,,0,0,35.3,16.6,107.8,998.3,54.3,3,260.9,22.8,8,,2022-06-28T05:25:47,2022-06-28T19:22:58,0.97,Partially cloudy,Becoming cloudy in the afternoon.,partly-cloudy-day,"42182099999,42176099999,VIDP,42139099999,42181099999"
"delhi, India",2022-06-29,40,30.3,34.9,50.4,35.5,41.5,23.7,53.8,0,0,0,,0,0,36,18.4,121.1,995.9,77.9,3.1,257.9,22.2,8,,2022-06-29T05:26:07,2022-06-29T19:23:02,0,Partially cloudy,Partly cloudy throughout the day.,partly-cloudy-day,"42182099999,42176099999,VIDP,42139099999,42181099999"
"delhi, India",2022-06-30,32,24.9,27.7,40.2,24.9,31.3,25.3,88.2,104.603,100,16.67,rain,0,0,42.5,20.5,123.7,999.3,89.9,2.3,38.8,3.3,2,,2022-06-30T05:26:28,2022-06-30T19:23:04,0.04,"Rain, Partially cloudy",Partly cloudy throughout the day with a chance of rain throughout the day.,rain,"42182099999,42176099999,VIDP,42139099999,42181099999"
"delhi, India",2022-07-01,31,25.6,28.2,40.9,25.6,33.5,26,88.6,1.701,100,4.17,rain,0,0,24.5,13,75,999.6,92.5,2.5,154.2,13.4,6,,2022-07-01T05:26:50,2022-07-01T19:23:05,0.07,"Rain, Overcast",Cloudy skies throughout the day with afternoon rain.,rain,"42182099999,42176099999,VIDP,42139099999,42181099999,VIDD"
"delhi, India",2022-07-02,34,27,30.4,44.1,31.1,38,26.2,79,0.6,100,8.33,rain,0,0,24.5,15.3,125.6,997.6,81.9,2.7,217.8,18.7,8,,2022-07-02T05:27:12,2022-07-02T19:23:05,0.11,"Rain, Partially cloudy",Partly cloudy throughout the day with late afternoon rain.,rain,"42182099999,42176099999,VIDP,42139099999,42181099999,VIDD,remote"
"delhi, India",2022-07-03,35.1,26.8,30.6,46.9,30.5,39,26.6,80.2,0.085,100,4.17,rain,0,0,30.2,13.7,116.8,998.5,81.2,2.9,202.5,17.5,8,,2022-07-03T05:27:36,2022-07-03T19:23:03,0.14,"Rain, Partially cloudy",Partly cloudy throughout the day with afternoon rain.,rain,"42182099999,42176099999,42139099999,42181099999,VIDD,remote"
"delhi, India",2022-07-04,36,27.9,32.7,48,33.8,42,26.5,71.6,0.51,100,4.17,rain,0,0,28.1,11.2,113.1,998.6,80.3,3.2,207.1,17.9,8,,2022-07-04T05:28:00,2022-07-04T19:23:00,0.18,"Rain, Partially cloudy",Partly cloudy throughout the day with afternoon rain.,rain,"42182099999,42176099999,VIDP,42139099999,42181099999,remote"
"delhi, India",2022-07-05,37.2,30.4,33.8,48.7,40.6,43.6,26.3,66.1,0.1,100,4.17,rain,0,0,28.1,11.2,102.2,998.6,69.5,3.5,216.8,18.6,7,,2022-07-05T05:28:25,2022-07-05T19:22:56,0.21,"Rain, Partially cloudy",Partly cloudy throughout the day with morning rain.,rain,"42182099999,42176099999,VIDP,42139099999,42181099999,remote"
"delhi, India",2022-07-06,37.8,30.4,34.2,49.4,39.6,44.3,26.3,64.6,0,0,0,,0,0,34.9,16.6,90,1001,65.3,2.9,249.2,21.6,8,,2022-07-06T05:28:51,2022-07-06T19:22:50,0.24,Partially cloudy,Partly cloudy throughout the day.,partly-cloudy-day,"42182099999,42176099999,VIDP,42139099999,42181099999,remote"
"delhi, India",2022-07-07,38,31.4,34.6,48,40.6,43.3,25.3,59.3,0,0,0,,0,0,31,18.4,88.5,1002.8,64.5,3.7,248.8,21.4,9,,2022-07-07T05:29:17,2022-07-07T19:22:43,0.25,Partially cloudy,Partly cloudy throughout the day.,partly-cloudy-day,"42182099999,42176099999,VIDP,42139099999,42181099999"
"delhi, India",2022-07-08,38.2,31,34.9,47.6,38.5,42,24.1,54.8,0,0,0,,0,0,27,14.8,108.8,1000.4,49.4,3.6,272.2,23.4,8,,2022-07-08T05:29:44,2022-07-08T19:22:34,0.31,Partially cloudy,Partly cloudy throughout the day.,partly-cloudy-day,"42182099999,42176099999,VIDP,42139099999,42181099999"
"delhi, India",2022-07-09,35,28.7,32,46.7,33.6,39.2,24.9,66.5,0,0,0,,0,0,38.9,22.3,102.3,998.8,60.9,3.2,177.8,15.3,7,,2022-07-09T05:30:11,2022-07-09T19:22:24,0.35,Partially cloudy,Partly cloudy throughout the day.,partly-cloudy-day,"42182099999,42176099999,VIDP,42139099999,42181099999"
"delhi, India",2022-07-10,34,28.3,31,43.9,33.9,38.2,25.6,73.6,0,0,0,,0,0,33.5,18.4,74.5,1000.4,64,3.7,178.6,15.3,7,,2022-07-10T05:30:40,2022-07-10T19:22:13,0.38,Partially cloudy,Partly cloudy throughout the day.,partly-cloudy-day,"42182099999,42176099999,VIDP,42139099999,42181099999"
"delhi, India",2022-07-11,36,28.7,31.8,44.7,32.7,38.6,24.9,67.9,0.851,100,4.17,rain,0,0,33.5,16.9,193.3,1000.9,56.6,3.3,272,23.4,9,,2022-07-11T05:31:08,2022-07-11T19:22:00,0.41,"Rain, Partially cloudy",Partly cloudy throughout the day with afternoon rain.,rain,"42182099999,42176099999,VIDP,42139099999,42181099999"
"delhi, India",2022-07-12,33,28,30.3,42.4,34.3,38,26.2,80.1,2.149,100,4.17,rain,0,0,33.5,14.7,75.5,1000.5,66.2,2.9,228.2,19.8,8,,2022-07-12T05:31:37,2022-07-12T19:21:46,0.45,"Rain, Partially cloudy",Partly cloudy throughout the day with morning rain.,rain,"42182099999,42176099999,VIDP,42139099999,42181099999"
"delhi, India",2022-07-13,36,28,31.5,45.6,31.9,39.2,25.8,73.3,0,0,0,,0,0,28.1,13,92.5,998.5,66.7,3.4,242.5,20.9,9,,2022-07-13T05:32:07,2022-07-13T19:21:31,0.48,Partially cloudy,Partly cloudy throughout the day.,partly-cloudy-day,"42182099999,42176099999,VIDP,42139099999,42181099999"
"delhi, India",2022-07-14,36,29.4,32.1,49.4,35.5,40.1,25.5,69,0.03,100,4.17,rain,0,0,37.1,16.6,62.3,998,62.4,3.9,261.1,22.6,8,,2022-07-14T05:32:37,2022-07-14T19:21:14,0.5,"Rain, Partially cloudy",Partly cloudy throughout the day with late afternoon rain.,rain,"42182099999,42176099999,VIDP,42139099999,42181099999,remote"
"delhi, India",2022-07-15,37,28.6,32.9,46,34.1,39.8,24.7,63.7,0,0,0,,0,0,47.9,20.5,93.4,999.6,71.4,4,272.5,23.6,9,,2022-07-15T05:33:08,2022-07-15T19:20:55,0.55,Partially cloudy,Partly cloudy throughout the day.,partly-cloudy-day,"42182099999,42176099999,VIDP,42139099999,42181099999"
"delhi, India",2022-07-16,35.4,25.8,29.4,45.9,25.8,34.5,25.4,80.4,18.058,100,8.33,rain,0,0,42.5,22.3,96.2,1000.9,71.9,3.1,216.6,18.6,8,,2022-07-16T05:33:39,2022-07-16T19:20:36,0.58,"Rain, Partially cloudy",Partly cloudy throughout the day with rain.,rain,"42182099999,42176099999,VIDP,42139099999,42181099999"
"delhi, India",2022-07-17,34.1,25.9,29.9,46.7,25.9,36.6,26.2,81.9,10.552,100,8.33,rain,0,0,33.8,15.3,62.9,1002.8,78.3,3.2,215.5,18.6,8,,2022-07-17T05:34:10,2022-07-17T19:20:15,0.62,"Rain, Partially cloudy",Partly cloudy throughout the day with rain in the morning and afternoon.,rain,"42182099999,42176099999,VIDP,42139099999,42181099999"
"delhi, India",2022-07-18,37.1,28.9,33.2,54.5,35.6,42.9,26.3,68.8,0,0,0,,0,0,27.7,13,65,1001.3,61,3.5,252.3,21.8,8,,2022-07-18T05:34:42,2022-07-18T19:19:52,0.65,Partially cloudy,Partly cloudy throughout the day.,partly-cloudy-day,"42182099999,42176099999,VIDP,42139099999,42181099999"
"delhi, India",2022-07-19,37,29,32.4,45.8,36.8,42.2,26.7,73.5,10,100,12.5,rain,0,0,40.7,17.1,114.2,999.9,66,3.4,211.5,18.1,8,,2022-07-19T05:35:14,2022-07-19T19:19:28,0.68,"Rain, Partially cloudy",Partly cloudy throughout the day with rain.,rain,"42182099999,42176099999,VIDP,42139099999,42181099999"
"delhi, India",2022-07-20,34,25.3,29.3,47.9,25.3,36.6,26.8,87.1,60.975,100,12.5,rain,0,0,40.7,22.3,252.7,1000,90.5,3.1,123.7,10.5,4,,2022-07-20T05:35:46,2022-07-20T19:19:03,0.75,"Rain, Overcast",Cloudy skies throughout the day with rain.,rain,"42182099999,42176099999,VIDP,42139099999,42181099999,remote"
"delhi, India",2022-07-21,32.4,25.9,29,41.1,25.9,34.3,25.8,84,2.2,100,16.67,rain,0,0,19.1,11.2,343.6,1002.5,92.1,3.3,116.7,9.9,4,,2022-07-21T05:36:18,2022-07-21T19:18:36,0.75,"Rain, Overcast",Cloudy skies throughout the day with a chance of rain throughout the day.,rain,"42182099999,42176099999,VIDP,42139099999,42181099999"
"delhi, India",2022-07-22,32.8,27.8,29.4,43.5,34.2,37.5,26.9,86.7,7.09,100,12.5,rain,0,0,23.4,15.4,59,1003.7,92,2.2,203.6,17.6,8,,2022-07-22T05:36:51,2022-07-22T19:18:09,0.78,"Rain, Overcast",Cloudy skies throughout the day with rain.,rain,"42182099999,42176099999,VIDP,42139099999,42181099999"
"delhi, India",2022-07-23,33.1,26.9,29.7,43.7,31.3,37.4,26.8,85.6,0.568,100,4.17,rain,0,0,43.2,18.4,93.8,1002.1,87.1,2.8,135.9,11.6,6,,2022-07-23T05:37:24,2022-07-23T19:17:39,0.82,"Rain, Partially cloudy",Partly cloudy throughout the day with morning rain.,rain,"42182099999,42176099999,VIDP,42139099999,42181099999"
"delhi, India",2022-07-24,34.4,27,30,44.4,31.2,37.7,26.5,82.5,3.285,100,12.5,rain,0,0,50.4,22.5,97.1,1001.9,74,3,209.1,18.2,8,,2022-07-24T05:37:57,2022-07-24T19:17:09,0.85,"Rain, Partially cloudy",Partly cloudy throughout the day with rain.,rain,"42182099999,42176099999,VIDP,42139099999,42181099999"
"delhi, India",2022-07-25,34,27,30,43.4,31.2,36.9,26,80.3,2.197,100,4.17,rain,0,0,39.6,21.5,96.9,1004.1,73.9,3.3,216.6,18.8,7,,2022-07-25T05:38:30,2022-07-25T19:16:37,0.88,"Rain, Partially cloudy",Partly cloudy throughout the day with late afternoon rain.,rain,"42182099999,42176099999,VIDP,42139099999,42181099999"
"delhi, India",2022-07-26,32.8,27,29.4,42.1,31.2,35.8,25.7,81,0,0,0,,0,0,39.2,20.5,107.9,1005.3,68.8,3,187.4,16.2,7,,2022-07-26T05:39:04,2022-07-26T19:16:03,0.92,Partially cloudy,Partly cloudy throughout the day.,partly-cloudy-day,"42182099999,42176099999,VIDP,42139099999,42181099999"
"delhi, India",2022-07-27,33.6,27,30,43.2,30.6,37.4,26.1,80,0,0,0,,0,0,32.8,16.6,111,1004.7,80.5,3.3,207.6,18.1,7,,2022-07-27T05:39:37,2022-07-27T19:15:29,0.95,Partially cloudy,Partly cloudy throughout the day.,partly-cloudy-day,"42182099999,42176099999,VIDP,42139099999,42181099999"
"delhi, India",2022-07-28,32,26.9,28.6,42.3,30.5,34.6,26,86.3,17.162,100,8.33,rain,0,0,22.3,11.2,164.1,1006,86.7,3.2,146.8,12.8,7,,2022-07-28T05:40:11,2022-07-28T19:14:53,0,"Rain, Partially cloudy",Partly cloudy throughout the day with afternoon rain.,rain,"42182099999,42176099999,VIDP,42139099999,42181099999"
"delhi, India",2022-07-29,32,26,28,42.3,26,32.5,26,89.2,2.448,100,4.17,rain,0,0,29.5,11.2,203.6,1005.5,95,3,109.9,9.4,5,,2022-07-29T05:40:44,2022-07-29T19:14:16,0.02,"Rain, Overcast",Cloudy skies throughout the day with afternoon rain.,rain,"42182099999,42176099999,VIDP,42139099999,42181099999"
"delhi, India",2022-07-30,31.6,26.4,28.4,40.6,26.4,34,26,86.9,15.76,100,8.33,rain,0,0,23.4,16.6,251.7,1003.7,92.1,3,90.8,7.7,4,,2022-07-30T05:41:18,2022-07-30T19:13:38,0.05,"Rain, Overcast",Cloudy skies throughout the day with rain clearing later.,rain,"42182099999,42176099999,VIDP,42139099999,42181099999"
"delhi, India",2022-07-31,32,26,28.7,40.3,26,33.6,25.6,84.3,11.422,100,8.33,rain,0,0,27.7,11.2,262.3,1001.2,87.7,3.3,181.9,15.6,6,,2022-07-31T05:41:52,2022-07-31T19:12:58,0.09,"Rain, Partially cloudy",Partly cloudy throughout the day with rain.,rain,"42182099999,42176099999,VIDP,42139099999,42181099999"
"delhi, India",2022-08-01,34,27.3,29.7,42,31.9,36.1,25.6,79.6,0,0,0,,0,0,27.7,13,245.4,1001.4,84.1,3.9,185.9,16,7,,2022-08-01T05:42:25,2022-08-01T19:12:17,0.12,Partially cloudy,Partly cloudy throughout the day.,partly-cloudy-day,"42182099999,42176099999,VIDP,42139099999,42181099999"
"delhi, India",2022-08-02,35,27,31,44.9,31.2,38.2,25.9,75.9,0,0,0,,0,0,24.8,29,251.8,1000.8,50.7,3.6,225,19.5,7,,2022-08-02T05:42:59,2022-08-02T19:11:35,0.16,Partially cloudy,Partly cloudy throughout the day.,partly-cloudy-day,"42182099999,42176099999,VIDP,42139099999,42181099999"
"delhi, India",2022-08-03,34,28,30.8,43.3,33.5,38.5,26,76.1,5.955,100,4.17,rain,0,0,24.8,14.8,106.9,1002.1,68,3.1,183.4,15.8,6,,2022-08-03T05:43:33,2022-08-03T19:10:52,0.19,"Rain, Partially cloudy",Partly cloudy throughout the day with afternoon rain.,rain,"42182099999,42176099999,VIDP,42139099999,42181099999"
"delhi, India",2022-08-04,32.7,27,29.4,42.9,31.2,36.6,26.4,84.6,4.928,100,8.33,rain,0,0,24.8,18.4,113.4,1002.8,86.2,2.7,124.6,10.7,6,,2022-08-04T05:44:06,2022-08-04T19:10:08,0.23,"Rain, Partially cloudy",Partly cloudy throughout the day with afternoon rain.,rain,"42182099999,42176099999,VIDP,42139099999,42181099999"
"delhi, India",2022-08-05,30,26.9,27.9,39.9,30.6,33.8,26.5,92.1,10.577,100,16.67,rain,0,0,27,13,113.7,1001.6,85.6,2.4,108.7,9.5,4,,2022-08-05T05:44:40,2022-08-05T19:09:22,0.25,"Rain, Partially cloudy",Partly cloudy throughout the day with rain in the morning and afternoon.,rain,"42182099999,42176099999,VIDP,42139099999,42181099999"
"delhi, India",2022-08-06,33,27,30.2,44.1,31.8,39.1,27.2,84.5,0,0,0,,0,0,18,11.2,100,999.7,74.7,2.9,220.2,18.9,7,,2022-08-06T05:45:14,2022-08-06T19:08:36,0.3,Partially cloudy,Partly cloudy throughout the day.,partly-cloudy-day,"42182099999,42176099999,VIDP,42139099999,42181099999"
"delhi, India",2022-08-07,30,26,27.6,40.4,26,32.4,26.4,93.3,6.63,100,4.17,rain,0,0,55.4,27.7,104.3,999.8,89.8,2.6,80.8,7,3,,2022-08-07T05:45:47,2022-08-07T19:07:48,0.33,"Rain, Partially cloudy",Partly cloudy throughout the day with morning rain.,rain,"42182099999,42176099999,VIDP,42139099999,42181099999"
"delhi, India",2022-08-08,34.3,26,30.1,43.4,26,36.1,25.9,79.9,0,0,0,,0,0,24.8,9.4,86.5,999.5,74.6,3,237.7,20.6,8,,2022-08-08T05:46:21,2022-08-08T19:06:59,0.37,Partially cloudy,Partly cloudy throughout the day.,partly-cloudy-day,"42182099999,42176099999,VIDP,42139099999,42181099999"
"delhi, India",2022-08-09,35.6,28,32,46.6,34.5,41.6,26.8,75.3,0.134,100,4.17,rain,0,0,33.8,16.6,101.6,999.1,58.1,3.5,249.3,21.6,8,,2022-08-09T05:46:54,2022-08-09T19:06:09,0.4,"Rain, Partially cloudy",Partly cloudy throughout the day with late afternoon rain.,rain,"42182099999,42176099999,VIDP,42139099999,42181099999"
"delhi, India",2022-08-10,35.7,29,32.5,45.3,36.4,40.6,25.6,68.9,0,0,0,,0,0,30.2,14.8,97.3,997.9,52.4,4.5,262.4,22.6,9,,2022-08-10T05:47:27,2022-08-10T19:05:19,0.44,Partially cloudy,Partly cloudy throughout the day.,partly-cloudy-day,"42182099999,42176099999,VIDP,42139099999,42181099999"
"delhi, India",2022-08-11,32,27,29.6,40.5,29.6,35.1,24.5,73.9,0.03,100,4.17,rain,0,0,64.4,18.5,88.6,999.8,69.9,4.1,105.8,9.1,5,,2022-08-11T05:48:00,2022-08-11T19:04:27,0.47,"Rain, Partially cloudy",Partly cloudy throughout the day with afternoon rain.,rain,"42182099999,42176099999,VIDP,42139099999,42181099999"
"delhi, India",2022-08-12,36,27.3,31.2,43.8,31.3,37.6,25,71.1,0,0,0,,0,0,50,20.5,87.9,999.8,50.5,4.2,252.2,21.8,9,,2022-08-12T05:48:33,2022-08-12T19:03:34,0.5,Partially cloudy,Partly cloudy throughout the day.,partly-cloudy-day,"42182099999,42176099999,VIDP,42139099999,42181099999"
"delhi, India",2022-08-13,34.1,28,30.9,43.9,32.7,37.9,25.4,73.4,0,0,0,,0,0,48.2,16.6,117.4,999.5,65.9,3.7,228.2,19.9,7,,2022-08-13T05:49:06,2022-08-13T19:02:40,0.54,Partially cloudy,Partly cloudy throughout the day.,partly-cloudy-day,"42182099999,42176099999,VIDP,42139099999,42181099999"
"delhi, India",2022-08-14,32.5,27,28.9,41.9,31.2,35.6,26.4,86.6,5.747,100,8.33,rain,0,0,31.7,11.2,157.4,1002.1,72.1,3.6,178.9,15.3,6,,2022-08-14T05:49:38,2022-08-14T19:01:45,0.57,"Rain, Partially cloudy",Partly cloudy throughout the day with afternoon rain.,rain,"42182099999,42176099999,VIDP,42139099999,42181099999"
"delhi, India",2022-08-15,34,27,29.3,44.2,31.1,35.1,25.5,81.3,0,0,0,,0,0,37.1,18.4,61.7,1003.4,87.9,4.2,102.1,8.8,4,,2022-08-15T05:50:11,2022-08-15T19:00:49,0.6,Partially cloudy,Partly cloudy throughout the day.,partly-cloudy-day,"42182099999,42176099999,VIDP,42139099999,42181099999"
"delhi, India",2022-08-16,32.4,27.7,29.1,39.2,31.9,34.4,24.8,78.7,2.448,100,8.33,rain,0,0,55.4,37.1,93,1001.6,87.7,3.1,64.9,5.8,2,,2022-08-16T05:50:43,2022-08-16T18:59:53,0.64,"Rain, Partially cloudy",Partly cloudy throughout the day with afternoon rain.,rain,"42182099999,42176099999,VIDP,42139099999,42181099999"
"delhi, India",2022-08-17,33.3,26,29.2,40.9,26,33.8,24.5,76.8,0,0,0,,0,0,40.7,22.3,122.7,1002.9,76.8,3.8,210,18.1,7,,2022-08-17T05:51:16,2022-08-17T18:58:55,0.67,Partially cloudy,Partly cloudy throughout the day.,partly-cloudy-day,"42182099999,42176099999,VIDP,42139099999,42181099999"
"delhi, India",2022-08-18,34.5,26.9,30.3,47.2,30.6,36.6,25.3,76.1,0,0,0,,0,0,25.9,11.9,190.1,1002.1,52.6,4.2,221.3,19.1,7,,2022-08-18T05:51:48,2022-08-18T18:57:57,0.7,Partially cloudy,Partly cloudy throughout the day.,partly-cloudy-day,"42182099999,42176099999,VIDP,42139099999,42181099999"
"delhi, India",2022-08-19,34.7,28,31.1,44.6,33.5,37.7,25.1,71.6,0,0,0,,0,0,35.6,17.4,264.8,1002,52,4.8,227.7,19.5,7,,2022-08-19T05:52:19,2022-08-19T18:56:58,0.75,Partially cloudy,Partly cloudy throughout the day.,partly-cloudy-day,"42182099999,42176099999,VIDP,42139099999,42181099999"
"delhi, India",2022-08-20,32,27,29.6,39.1,31.2,36.5,25.9,80.8,6.851,100,4.17,rain,0,0,21.6,13,231.6,1003.5,81.9,3.5,166.1,14.4,6,,2022-08-20T05:52:51,2022-08-20T18:55:58,0.77,"Rain, Partially cloudy",Partly cloudy throughout the day with afternoon rain.,rain,"42182099999,42176099999,VIDP,42139099999,42181099999"
"delhi, India",2022-08-21,35,27.9,30.9,44.1,33.8,38.5,26,76.7,1.344,100,4.17,rain,0,0,19.8,11.2,296.8,1001.5,77.3,3.2,206.6,17.8,8,,2022-08-21T05:53:23,2022-08-21T18:54:57,0.8,"Rain, Partially cloudy",Partly cloudy throughout the day with afternoon rain.,rain,"42182099999,42176099999,VIDP,42139099999,42181099999"
"delhi, India",2022-08-22,35.2,28.9,31.5,45.1,36.5,39.9,26,74.3,0,0,0,,0,0,31.7,22.3,90.9,999.7,74.9,3.5,184.4,15.9,7,,2022-08-22T05:53:54,2022-08-22T18:53:56,0.83,Partially cloudy,Partly cloudy throughout the day.,partly-cloudy-day,"42182099999,42176099999,VIDP,42139099999,42181099999"
"delhi, India",2022-08-23,33.6,28,30.7,40.8,32.7,36.8,24.7,71.4,0,0,0,,0,0,55.4,27.7,109.3,1001,70.5,4,219.9,18.9,7,,2022-08-23T05:54:26,2022-08-23T18:52:53,0.87,Partially cloudy,Partly cloudy throughout the day.,partly-cloudy-day,"42182099999,42176099999,VIDP,42139099999,42181099999"
"delhi, India",2022-08-24,33,27,29.1,39.2,30.6,34.7,25.3,80.9,5.104,100,4.17,rain,0,0,34.6,16.6,117.9,1005.2,71.3,3.6,188.1,16.3,7,,2022-08-24T05:54:57,2022-08-24T18:51:50,0.9,"Rain, Partially cloudy",Partly cloudy throughout the day with afternoon rain.,rain,"42182099999,42176099999,VIDP,42139099999,42181099999"
"delhi, India",2022-08-25,34,26,30.1,39.9,26,34.9,24.3,72.3,0,0,0,,0,0,19.8,11.2,197.7,1004.7,58.6,3.6,208.7,17.9,7,,2022-08-25T05:55:28,2022-08-25T18:50:47,0.93,Partially cloudy,Partly cloudy throughout the day.,partly-cloudy-day,"42182099999,42176099999,VIDP,42139099999,42181099999"
"delhi, India",2022-08-26,35,27,30.7,41.9,30.6,36.7,24.9,73,0,0,0,,0,0,29.5,14.8,267.6,1004,50.1,3.9,209,18.1,7,,2022-08-26T05:55:58,2022-08-26T18:49:42,0.96,Partially cloudy,Partly cloudy throughout the day.,partly-cloudy-day,"42182099999,42176099999,VIDP,42139099999,42181099999"
"delhi, India",2022-08-27,35,27,30.7,42,30.6,36.1,24.3,70.2,0.17,100,4.17,rain,0,0,35.3,20.1,247.9,1003.1,47.4,3.8,253.3,21.8,9,,2022-08-27T05:56:29,2022-08-27T18:48:37,0,"Rain, Partially cloudy",Partly cloudy throughout the day with afternoon rain.,rain,"42182099999,42176099999,VIDP,42139099999,42181099999"
"delhi, India",2022-08-28,34.2,27,30.6,39.7,29.6,34.7,23.1,65.9,0,0,0,,0,0,35.3,17.9,247.6,1003.7,57,3.9,226.2,19.3,8,,2022-08-28T05:57:00,2022-08-28T18:47:32,0.03,Partially cloudy,Partly cloudy throughout the day.,partly-cloudy-day,"42182099999,42176099999,VIDP,42139099999,42181099999"
"delhi, India",2022-08-29,34.8,26,30.3,41.3,26,34.2,23.1,66.9,0.851,100,4.17,rain,0,0,25.9,18.4,187.8,1007.5,67.2,3.5,237.3,20.4,8,,2022-08-29T05:57:30,2022-08-29T18:46:26,0.07,"Rain, Partially cloudy",Partly cloudy throughout the day with late afternoon rain.,rain,"42182099999,42176099999,VIDP,42139099999,42181099999"
"delhi, India",2022-08-30,35,26.7,30.2,44.9,30.3,36.8,25.5,77.4,1.514,100,8.33,rain,0,0,19.4,16.6,176.1,1007.9,76,3.3,240.6,20.7,8,,2022-08-30T05:58:00,2022-08-30T18:45:19,0.1,"Rain, Partially cloudy",Partly cloudy throughout the day with rain.,rain,"42182099999,42176099999,VIDP,42139099999,42181099999"
"delhi, India",2022-08-31,37,27,31.5,43.8,30.6,37,24.1,66.9,0,0,0,,0,0,26.6,14.8,251.8,1005.3,46.5,4.3,238,20.6,8,,2022-08-31T05:58:30,2022-08-31T18:44:12,0.14,Partially cloudy,Becoming cloudy in the afternoon.,partly-cloudy-day,"42182099999,42176099999,VIDP,42139099999,42181099999"
"delhi, India",2022-09-01,36.5,28,32,45.5,33.5,38.8,24.9,67.9,0,0,0,,0,0,25.6,11.2,266,1005.1,58.7,3.6,229.1,19.9,8,,2022-09-01T05:59:00,2022-09-01T18:43:04,0.18,Partially cloudy,Partly cloudy throughout the day.,partly-cloudy-day,"42182099999,42176099999,VIDP,42139099999,42181099999,remote"
"delhi, India",2022-09-02,35,28,31.6,43.3,32.7,38,24.6,67.5,7.656,100,4.17,rain,0,0,20.2,13,256.3,1006.4,70.5,3.6,232.4,20.1,8,,2022-09-02T05:59:30,2022-09-02T18:41:56,0.21,"Rain, Partially cloudy",Partly cloudy throughout the day with afternoon rain.,rain,"42182099999,42176099999,VIDP,42139099999,42181099999,remote"
"delhi, India",2022-09-03,36,28,32.2,41.7,30.2,36.6,22.6,59,0,0,0,,0,0,33.8,22.3,253.7,1004,52.9,4.3,237,20.5,8,,2022-09-03T06:00:00,2022-09-03T18:40:48,0.25,Partially cloudy,Partly cloudy throughout the day.,partly-cloudy-day,"42182099999,42176099999,VIDP,42139099999,42181099999,remote"
"delhi, India",2022-09-04,37,28,32.3,42.1,30.6,36.4,22.2,56.6,0,0,0,,0,0,36.4,16.2,234.8,1002.7,30.8,4.9,259.9,22.4,8,,2022-09-04T06:00:30,2022-09-04T18:39:39,0.28,Partially cloudy,Partly cloudy throughout the day.,partly-cloudy-day,"42182099999,42176099999,VIDP,42139099999,42181099999"
"delhi, India",2022-09-05,37,27,31.9,40.9,29.6,35.9,22.3,58.7,0,0,0,,0,0,28.8,13.2,269.1,1004.6,44.3,4.7,247.8,21.5,8,,2022-09-05T06:01:00,2022-09-05T18:38:29,0.32,Partially cloudy,Partly cloudy throughout the day.,partly-cloudy-day,"42182099999,42176099999,VIDP,42139099999,42181099999"
"delhi, India",2022-09-06,36,28,31.7,40.6,30.6,35.7,22.4,59.4,0,0,0,,0,0,20.5,14.8,292.1,1005.9,39.1,3.8,244.3,21,8,,2022-09-06T06:01:29,2022-09-06T18:37:19,0.35,Partially cloudy,Becoming cloudy in the afternoon.,partly-cloudy-day,"42182099999,42176099999,VIDP,42139099999,42181099999"
"delhi, India",2022-09-07,36.5,27.6,32.1,41.5,31.7,36.4,22.6,59.3,0,0,0,,0,0,22.3,11.2,311.8,1007.4,39.1,3.6,235.3,20.2,8,,2022-09-07T06:01:59,2022-09-07T18:36:09,0.39,Partially cloudy,Partly cloudy throughout the day.,partly-cloudy-day,"42182099999,42176099999,VIDP,42139099999,42181099999"
"delhi, India",2022-09-08,36.2,28.3,32.2,42.7,32.5,37.5,23.6,61.8,0,0,0,,0,0,17.3,9.4,50.7,1008.3,38.1,3.2,226.7,19.6,7,,2022-09-08T06:02:28,2022-09-08T18:34:59,0.42,Partially cloudy,Partly cloudy throughout the day.,partly-cloudy-day,"42182099999,42176099999,VIDP,42139099999,42181099999"
"delhi, India",2022-09-09,37,27.9,32.2,43.6,32.4,38.3,24.2,64.8,0,0,0,,0,0,25.6,16.6,97.9,1007.5,50.2,3.4,219.7,19,7,,2022-09-09T06:02:57,2022-09-09T18:33:48,0.46,Partially cloudy,Partly cloudy throughout the day.,partly-cloudy-day,"42182099999,42176099999,VIDP,42139099999,42181099999"
"delhi, India",2022-09-10,35.3,29,31.6,45.1,34.5,39.3,25.7,71.9,0,0,0,,0,0,24.8,14.8,106.1,1006.6,54.7,3,200.8,17.3,7,,2022-09-10T06:03:27,2022-09-10T18:32:37,0.5,Partially cloudy,Partly cloudy throughout the day.,partly-cloudy-day,"42182099999,42176099999,VIDP,42139099999,42181099999"
"delhi, India",2022-09-11,36,27.9,31.8,42.8,32.7,37.9,24.4,66.6,0,0,0,,0,0,31,13,105.8,1004.4,39.6,3.9,221.4,19,8,,2022-09-11T06:03:56,2022-09-11T18:31:26,0.53,Partially cloudy,Partly cloudy throughout the day.,partly-cloudy-day,"42182099999,42176099999,VIDP,42139099999,42181099999,remote"
"delhi, India",2022-09-12,36.5,28,31.8,43.5,31.9,36.9,23.5,62.8,0,0,0,,0,0,33.5,18.4,96.7,1003.1,44.4,3.8,206.9,17.8,8,,2022-09-12T06:04:25,2022-09-12T18:30:14,0.56,Partially cloudy,Partly cloudy throughout the day.,partly-cloudy-day,"42182099999,42176099999,VIDP,42139099999,42181099999"
"delhi, India",2022-09-13,34,25,30,40.6,25,33.8,23.6,70.4,8.552,100,4.17,rain,0,0,37.1,18.4,90.7,1003.7,69.9,4.2,182.1,15.6,6,,2022-09-13T06:04:55,2022-09-13T18:29:02,0.59,"Rain, Partially cloudy",Partly cloudy throughout the day with early morning rain.,rain,"42182099999,42176099999,VIDP,42139099999,42181099999"
"delhi, India",2022-09-14,32,26,28.5,38.3,26,32.6,24.3,78.6,9.403,100,8.33,rain,0,0,49.7,20.9,77.3,1004.3,76.8,3.3,109.3,9.2,5,,2022-09-14T06:05:24,2022-09-14T18:27:51,0.62,"Rain, Partially cloudy",Partly cloudy throughout the day with rain.,rain,"42182099999,42176099999,VIDP,42139099999,42181099999"
"delhi, India",2022-09-15,30,24,26.4,37.8,24,28,25.1,92.7,5.253,100,16.67,rain,0,0,37.1,14.9,61.2,1002.4,92.2,2.9,67.4,5.6,5,,2022-09-15T06:05:53,2022-09-15T18:26:39,0.66,"Rain, Overcast",Cloudy skies throughout the day with a chance of rain throughout the day.,rain,"42182099999,42176099999,VIDP,42139099999,42181099999"
"delhi, India",2022-09-16,26,24,24.8,26,24,24.8,24.2,96.6,8.253,100,12.5,rain,0,0,24.5,14.9,354.1,1000.4,97.1,2.4,51.7,4.4,3,,2022-09-16T06:06:22,2022-09-16T18:25:27,0.69,"Rain, Overcast",Cloudy skies throughout the day with rain in the morning and afternoon.,rain,"42182099999,42176099999,VIDP,42139099999,42181099999"
"delhi, India",2022-09-17,33.2,24,28.5,42.1,24,32.3,24.8,82.2,0,0,0,,0,0,24.5,11.2,277.8,1002.5,63.7,3.1,197.6,17,7,,2022-09-17T06:06:52,2022-09-17T18:24:14,0.72,Partially cloudy,Partly cloudy throughout the day.,partly-cloudy-day,"42182099999,42176099999,VIDP,42139099999,42181099999"
"delhi, India",2022-09-18,35,25.3,29.5,40,25.3,32.9,23.9,73.6,0,0,0,,0,0,31,9.4,318.4,1005.6,38.4,3.1,224.5,19.3,8,,2022-09-18T06:07:21,2022-09-18T18:23:02,0.75,Partially cloudy,Partly cloudy throughout the day.,partly-cloudy-day,"42182099999,42176099999,VIDP,42139099999,42181099999"
"delhi, India",2022-09-19,33,26.5,29.3,41.4,26.5,34.1,24.6,77.3,5.104,100,4.17,rain,0,0,23.8,13,335.8,1005.9,63.4,2.9,161.9,14,6,,2022-09-19T06:07:51,2022-09-19T18:21:50,0.79,"Rain, Partially cloudy",Partly cloudy throughout the day with afternoon rain.,rain,"42182099999,42176099999,VIDP,42139099999,42181099999"
"delhi, India",2022-09-20,33.5,26.1,28.8,40.4,26.1,33.1,24.2,77.1,0.17,100,4.17,rain,0,0,19.4,11.2,45.8,1005.8,71.7,3,174.3,15.3,7,,2022-09-20T06:08:20,2022-09-20T18:20:38,0.82,"Rain, Partially cloudy",Partly cloudy throughout the day with late afternoon rain.,rain,"42182099999,42176099999,VIDP,42139099999,42181099999"
"delhi, India",2022-09-21,32.3,25.3,27.1,40.6,25.3,29.2,24.7,87.1,3.448,100,4.17,rain,0,0,27.4,16.6,65.8,1005.7,87.9,2.9,114.5,10,6,,2022-09-21T06:08:50,2022-09-21T18:19:25,0.85,"Rain, Partially cloudy",Partly cloudy throughout the day with afternoon rain.,rain,"42182099999,42176099999,VIDP,42139099999,42181099999"
"delhi, India",2022-09-22,27.7,24.6,25.4,32.4,24.6,25.9,24.7,95.9,49.664,100,16.67,rain,0,0,35.3,16.6,23,1005.2,96.3,2.4,101.2,8.8,5,,2022-09-22T06:09:20,2022-09-22T18:18:13,0.88,"Rain, Overcast",Cloudy skies throughout the day with rain.,rain,"42182099999,42176099999,VIDP,42139099999,42181099999"
"delhi, India",2022-09-23,27,24,25,31.8,24,25.5,24.7,98.2,47.403,100,20.83,rain,0,0,42.5,13,57.1,1003.8,100,2.2,68.9,5.9,3,,2022-09-23T06:09:50,2022-09-23T18:17:01,0.91,"Rain, Overcast",Cloudy skies throughout the day with a chance of rain throughout the day.,rain,"42182099999,42176099999,VIDP,42139099999,42181099999"
"delhi, India",2022-09-24,27,24.4,25.3,31.8,24.4,25.5,24.8,97.2,19.896,100,20.83,rain,0,0,35.3,20.5,93,1002.1,99.7,2,39,3.4,2,,2022-09-24T06:10:20,2022-09-24T18:15:49,0.95,"Rain, Overcast",Cloudy skies throughout the day with rain.,rain,"42182099999,42176099999,VIDP,42139099999,42181099999"
"delhi, India",2022-09-25,30,24.7,27,35.2,24.7,29.3,24.1,84.8,0,0,0,,0,0,31,11.2,233,1005.1,78.9,3.5,188.8,16.4,6,,2022-09-25T06:10:50,2022-09-25T18:14:37,0.98,Partially cloudy,Partly cloudy throughout the day.,partly-cloudy-day,"42182099999,42176099999,VIDP,42139099999,42181099999"
"delhi, India",2022-09-26,32.3,24.7,28.1,38.8,24.7,31.3,24.6,82.4,0,0,0,,0,0,29.9,13,307.1,1008.7,44.2,2.7,210.5,18.3,7,,2022-09-26T06:11:20,2022-09-26T18:13:26,0,Partially cloudy,Partly cloudy throughout the day.,partly-cloudy-day,"42182099999,42176099999,VIDP,42139099999,42181099999"
"delhi, India",2022-09-27,33,24.4,28.6,37.7,24.4,31.2,23.6,76.5,0,0,0,,0,0,29.5,11.2,282.8,1007.7,37.4,3.1,227.9,19.5,8,,2022-09-27T06:11:50,2022-09-27T18:12:14,0.05,Partially cloudy,Partly cloudy throughout the day.,partly-cloudy-day,"42182099999,42176099999,VIDP,42139099999,42181099999"
"delhi, India",2022-09-28,34,25,29.2,38,25,32,22.9,71.1,0,0,0,,0,0,25.2,13,288.3,1006.5,20,3,220.9,19.2,8,,2022-09-28T06:12:21,2022-09-28T18:11:03,0.08,Clear,Partly cloudy throughout the day.,clear-day,"42182099999,42176099999,VIDP,42139099999,42181099999"
"delhi, India",2022-09-29,33.3,25,28.8,37.2,25,31.6,22.9,71.6,0,0,0,,0,0,28.4,14.8,301.8,1006.3,16.4,2.8,221.6,19,8,,2022-09-29T06:12:52,2022-09-29T18:09:52,0.12,Clear,Clear conditions throughout the day.,clear-day,"42182099999,42176099999,VIDP,42139099999,42181099999"
"delhi, India",2022-09-30,33.6,25,28.9,39.3,25,31.9,23.3,73.5,0,0,0,,0,0,31.3,13,291.1,1006.7,28.3,2.6,228.7,19.9,8,,2022-09-30T06:13:23,2022-09-30T18:08:41,0.16,Partially cloudy,Partly cloudy throughout the day.,partly-cloudy-day,"42182099999,42176099999,VIDP,42139099999,42181099999"
"delhi, India",2022-10-01,33.2,25,29.1,37,25,31.5,22.8,72,0,0,0,,0,0,32.4,13,302.1,1005.8,12.1,2.6,224.4,19.3,8,,2022-10-01T06:13:54,2022-10-01T18:07:30,0.19,Clear,Clear conditions throughout the day.,clear-day,"42182099999,42176099999,VIDP,42139099999,42181099999"
"delhi, India",2022-10-02,34.8,24.8,29.4,37.2,24.8,31.4,21.6,65.1,0,0,0,,0,0,33.8,16.6,284.6,1006.1,6.4,2.6,227.6,19.7,8,,2022-10-02T06:14:26,2022-10-02T18:06:20,0.23,Clear,Clear conditions throughout the day.,clear-day,"42182099999,42176099999,VIDP,42139099999,42181099999,remote"
"delhi, India",2022-10-03,34.1,24,29,35.8,24,30.2,19.8,59.4,0,0,0,,0,0,35.6,24.4,283.7,1007.1,9.4,3.3,234.1,20.2,8,,2022-10-03T06:14:58,2022-10-03T18:05:10,0.25,Clear,Clear conditions throughout the day.,clear-day,"42182099999,42176099999,VIDP,42139099999,42181099999"
"delhi, India",2022-10-04,33.8,24,29,38.2,24,31.4,21.4,64.7,0,0,0,,0,0,18.7,11.2,289.3,1008.7,23.4,2.8,208.7,17.8,7,,2022-10-04T06:15:30,2022-10-04T18:04:01,0.3,Partially cloudy,Partly cloudy throughout the day.,partly-cloudy-day,"42182099999,42176099999,VIDP,42139099999,42181099999,remote"
"delhi, India",2022-10-05,33.5,25.6,28.7,39.1,25.6,31.5,22.5,69.7,0,0,0,,0,0,21.6,9.4,69.6,1007.9,50.4,2.2,191.9,16.7,6,,2022-10-05T06:16:02,2022-10-05T18:02:52,0.34,Partially cloudy,Partly cloudy throughout the day.,partly-cloudy-day,"42182099999,42176099999,VIDP,42139099999,42181099999"
"delhi, India",2022-10-06,29.9,24,26,33.8,24,26.9,21.8,78.3,0,0,0,,0,0,27.7,16.6,104.6,1009.2,61.5,3,183.6,16,7,,2022-10-06T06:16:35,2022-10-06T18:01:43,0.37,Partially cloudy,Partly cloudy throughout the day.,partly-cloudy-day,"42182099999,42176099999,VIDP,42139099999,42181099999"
"delhi, India",2022-10-07,26.2,23,24.4,26.2,23,24.4,22.4,88.9,0.3,100,8.33,rain,0,0,30.2,15.1,83.6,1009.8,94.8,2.5,57.4,4.9,3,,2022-10-07T06:17:08,2022-10-07T18:00:35,0.41,"Rain, Overcast",Cloudy skies throughout the day with rain.,rain,"42182099999,42176099999,VIDP,42139099999,42181099999,VIDD,remote"
"delhi, India",2022-10-08,24.1,21,22.6,24.1,21,22.6,22.3,98.3,73.499,100,25,rain,0,0,29.5,18.4,77.6,1010.6,99.5,1.8,19.2,1.7,1,,2022-10-08T06:17:41,2022-10-08T17:59:28,0.44,"Rain, Overcast",Cloudy skies throughout the day with a chance of rain throughout the day.,rain,"42182099999,42176099999,VIDP,42139099999,42181099999,remote"
"delhi, India",2022-10-09,24,21,22,24,21,22,21.8,99,29.609,100,25,rain,0,0,28.1,18.4,56.8,1010.1,100,1.6,27.5,2.2,2,,2022-10-09T06:18:14,2022-10-09T17:58:21,0.48,"Rain, Overcast",Cloudy skies throughout the day with a chance of rain throughout the day.,rain,"42182099999,42176099999,VIDP,42139099999,42181099999,VIDD"
"delhi, India",2022-10-10,24,20.4,22,24,20.4,22,21.6,97.2,9.603,100,20.83,rain,0,0,23,14.8,70.6,1011.7,100,2.2,105,9.1,4,,2022-10-10T06:18:48,2022-10-10T17:57:14,0.5,"Rain, Overcast",Cloudy skies throughout the day with a chance of rain throughout the day.,rain,"42182099999,42176099999,VIDP,42139099999,42181099999"
"delhi, India",2022-10-11,29,21.5,24.8,33.6,21.5,25.7,22.4,87.1,6.124,100,8.33,rain,0,0,22,9.4,147.3,1009.9,82.5,2.6,121.2,10.5,5,,2022-10-11T06:19:22,2022-10-11T17:56:08,0.54,"Rain, Partially cloudy",Partly cloudy throughout the day with morning rain.,rain,"42182099999,42176099999,VIDP,42139099999,42181099999"
"delhi, India",2022-10-12,30,21,25.3,31.9,21,26,21.7,81.7,0,0,0,,0,0,22,9.4,280.7,1011.2,49.9,2,182.6,15.8,7,,2022-10-12T06:19:57,2022-10-12T17:55:03,0.58,Partially cloudy,Partly cloudy throughout the day.,partly-cloudy-day,"42182099999,42176099999,VIDP,42139099999,42181099999"
"delhi, India",2022-10-13,30.6,20.4,25.3,32.8,20.4,25.7,19.7,73.6,0,0,0,,0,0,26.6,13,281.7,1012.3,8.1,2.7,217.8,18.6,8,,2022-10-13T06:20:32,2022-10-13T17:53:58,0.61,Clear,Clear conditions throughout the day.,clear-day,"42182099999,42176099999,VIDP,42139099999,42181099999,VIDD,remote"
"delhi, India",2022-10-14,30.8,21,25.5,32,21,25.8,19.4,71.6,0,0,0,,0,0,25.9,13,285.8,1012.1,0.4,2.8,223.5,19.2,8,,2022-10-14T06:21:07,2022-10-14T17:52:54,0.64,Clear,Clear conditions throughout the day.,clear-day,"42182099999,42176099999,VIDP,42139099999,42181099999"
"delhi, India",2022-10-15,32,21,25.8,32,21,26.1,19.2,69.8,0,0,0,,0,0,24.8,13,292.6,1011.4,3.3,2.3,222.9,19.2,8,,2022-10-15T06:21:43,2022-10-15T17:51:51,0.67,Clear,Clear conditions throughout the day.,clear-day,"42182099999,42176099999,VIDP,42139099999,42181099999"
"delhi, India",2022-10-16,32,19.6,25.3,32.4,19.6,25.6,18.7,70.1,0,0,0,,0,0,14.4,7.9,282,1013.5,0.1,2.2,220.4,19.1,8,,2022-10-16T06:22:19,2022-10-16T17:50:48,0.71,Clear,Clear conditions throughout the day.,clear-day,"42182099999,42176099999,VIDP,42139099999,42181099999,remote"
"delhi, India",2022-10-17,31.6,19.4,25.4,31.9,19.4,25.5,17.6,66.2,0,0,0,,0,0,19.8,10.2,263.9,1013.6,0,2.4,218.7,19,8,,2022-10-17T06:22:56,2022-10-17T17:49:46,0.75,Clear,Clear conditions throughout the day.,clear-day,"42182099999,42176099999,VIDP,42139099999,42181099999,VIDD,remote"
"delhi, India",2022-10-18,33,19.6,25.7,31.7,19.6,25.5,15.6,57.8,0,0,0,,0,0,17.6,7.6,252.5,1012.1,0,2.6,219.9,19.1,8,,2022-10-18T06:23:32,2022-10-18T17:48:45,0.77,Clear,Clear conditions throughout the day.,clear-day,"42182099999,42176099999,VIDP,42139099999,42181099999,VIDD,remote"
"delhi, India",2022-10-19,33,19.7,26.5,32.5,19.7,26.3,14.6,50.8,0,0,0,,0,0,13.3,9.4,202.4,1011.7,0.2,3.1,215.1,18.6,8,,2022-10-19T06:24:10,2022-10-19T17:47:45,0.8,Clear,Clear conditions throughout the day.,clear-day,"42182099999,42176099999,VIDP,42139099999,42181099999"
"delhi, India",2022-10-20,33.3,19.4,26.2,33.4,19.4,26,15.1,54.1,0,0,0,,0,0,14.4,7.6,118.4,1013.4,15.2,3.1,211.2,18,8,,2022-10-20T06:24:48,2022-10-20T17:46:46,0.83,Clear,Clear conditions throughout the day.,clear-day,"42182099999,42176099999,VIDP,42139099999,42181099999"
"delhi, India",2022-10-21,32.4,20,26.2,31.4,20,25.9,15.4,55.3,0,0,0,,0,0,18,7.6,273,1015.7,23.3,2.7,213.8,18.4,8,,2022-10-21T06:25:26,2022-10-21T17:45:47,0.87,Partially cloudy,Partly cloudy throughout the day.,partly-cloudy-day,"42182099999,42176099999,VIDP,42139099999,42181099999,VIDD"
"delhi, India",2022-10-22,31,20,25.2,30.7,20,25,15.2,56.8,0,0,0,,0,0,20.2,13,279.2,1016.9,2.5,2.7,212.3,18.2,8,,2022-10-22T06:26:04,2022-10-22T17:44:50,0.9,Clear,Clear conditions throughout the day.,clear-day,"42182099999,42176099999,VIDP,42139099999,42181099999"
"delhi, India",2022-10-23,31,17.4,23.9,30,17.4,23.7,13.3,55,0,0,0,,0,0,18.7,9.4,276,1015.8,0,2.5,214.7,18.3,8,,2022-10-23T06:26:43,2022-10-23T17:43:53,0.93,Clear,Clear conditions throughout the day.,clear-day,"42182099999,42176099999,VIDP,42139099999,42181099999"
"delhi, India",2022-10-24,31,17.8,23.6,29.8,17.8,23.4,14.6,60.1,0,0,0,,0,0,24.1,11.2,278.9,1011.1,0,2.2,213.7,18.3,8,,2022-10-24T06:27:23,2022-10-24T17:42:57,0.96,Clear,Clear conditions throughout the day.,clear-day,"42182099999,42176099999,VIDP,42139099999,42181099999"
"delhi, India",2022-10-25,30,17.3,23.8,28.9,17.3,23.6,13.1,53.7,0,0,0,,0,0,31,16.6,274.4,1009.4,0,2.6,215.2,18.5,8,,2022-10-25T06:28:03,2022-10-25T17:42:03,0,Clear,Clear conditions throughout the day.,clear-day,"42182099999,42176099999,VIDP,42139099999,42181099999"
"delhi, India",2022-10-26,31.2,17.5,24.1,30.6,17.5,23.9,15.2,60.9,0,0,0,,0,0,15.1,7.6,277.3,1013.1,0,2.3,208.7,18,8,,2022-10-26T06:28:43,2022-10-26T17:41:09,0.03,Clear,Clear conditions throughout the day.,clear-day,"42182099999,42176099999,VIDP,42139099999,42181099999"
"delhi, India",2022-10-27,31,17.8,24.3,30.2,17.8,24.1,14.9,59.7,0,0,0,,0,0,15.8,9.4,284.6,1013.2,3.4,2.3,205.8,17.9,7,,2022-10-27T06:29:24,2022-10-27T17:40:16,0.06,Clear,Clear conditions throughout the day.,clear-day,"42182099999,42176099999,VIDP,42139099999,42181099999"
"delhi, India",2022-10-28,30,17.7,24,30.4,17.7,24,16.2,64.5,0,0,0,,0,0,14.8,5.4,18.6,1013.3,0,1.8,202.4,17.3,7,,2022-10-28T06:30:05,2022-10-28T17:39:25,0.1,Clear,Clear conditions throughout the day.,clear-day,"42182099999,42176099999,VIDP,42139099999,42181099999"
"delhi, India",2022-10-29,30.5,18.3,23.8,30,18.3,23.8,16.7,68.2,0,0,0,,0,0,17.6,9.2,278.1,1014.4,5.2,1.8,204.3,17.7,7,,2022-10-29T06:30:47,2022-10-29T17:38:34,0.14,Clear,Clear conditions throughout the day.,clear-day,"42182099999,42176099999,VIDP,42139099999,42181099999"
"delhi, India",2022-10-30,30,17.8,23.3,30,17.8,23.3,15,62,0,0,0,,0,0,22.7,9.4,265.5,1014.6,1.7,2,202.2,17.3,7,,2022-10-30T06:31:29,2022-10-30T17:37:45,0.17,Clear,Clear conditions throughout the day.,clear-day,"42182099999,42176099999,VIDP,42139099999,42181099999"
"delhi, India",2022-10-31,30,17.7,23.4,30,17.7,23.4,15.9,66,0,0,0,,0,0,15.8,6.4,250.7,1014.3,0.8,1.8,198.8,17.2,7,,2022-10-31T06:32:11,2022-10-31T17:36:57,0.21,Clear,Clear conditions throughout the day.,clear-day,"42182099999,42176099999,VIDP,42139099999,42181099999"
"delhi, India",2022-11-01,32,18.1,24.6,31.7,18.1,24.5,15.9,62.6,0,0,0,,0,0,18.4,7.6,143,1014.3,3,1.7,195.5,16.9,7,,2022-11-01T06:32:54,2022-11-01T17:36:10,0.25,Clear,Clear conditions throughout the day.,clear-day,"42182099999,42176099999,VIDP,42139099999,42181099999"
"delhi, India",2022-11-02,30.1,18.5,24,30.4,18.5,24,16.3,64.6,0,0,0,,0,0,24.1,18.4,280.9,1012.6,0,1.7,197.7,17.1,7,,2022-11-02T06:33:37,2022-11-02T17:35:24,0.28,Clear,Clear conditions throughout the day.,clear-day,"42182099999,42176099999,VIDP,42139099999,42181099999"
"delhi, India",2022-11-03,31,17.8,23.9,30.7,17.8,24,16.3,65.1,0,0,0,,0,0,24.8,9.4,268.2,1012.2,0.7,1.4,194.3,16.9,7,,2022-11-03T06:34:21,2022-11-03T17:34:40,0.31,Clear,Clear conditions throughout the day.,clear-day,"42182099999,42176099999,VIDP,42139099999,42181099999"
"delhi, India",2022-11-04,31,19.1,24.4,31.5,19.1,24.6,17.3,66.9,0,0,0,,0,0,13.7,7.6,95.2,1013.4,1.7,1.2,191.1,16.5,7,,2022-11-04T06:35:05,2022-11-04T17:33:57,0.35,Clear,Clear conditions throughout the day.,clear-day,"42182099999,42176099999,VIDP,42139099999,42181099999"
"delhi, India",2022-11-05,29.7,19,24,32,19,24.5,19.7,78.3,0,0,0,,0,0,27.7,13,92.4,1015.4,2.4,1.2,187.2,16,7,,2022-11-05T06:35:50,2022-11-05T17:33:15,0.39,Clear,Clear conditions throughout the day.,clear-day,"42182099999,42176099999,VIDP,42139099999,42181099999,VIDD"
"delhi, India",2022-11-06,30.8,19.8,24.8,32.6,19.8,25.2,19,72.3,0,0,0,,0,0,27,13,118.4,1015.7,18.1,1.6,169.8,14.7,6,,2022-11-06T06:36:35,2022-11-06T17:32:34,0.42,Clear,Clear conditions throughout the day.,clear-day,"42182099999,42176099999,VIDP,42139099999,42181099999"
"delhi, India",2022-11-07,32,19.8,25,31.6,19.8,24.9,16.7,64.1,0,0,0,,0,0,18,9.4,66.4,1014.6,16.8,1.8,184.5,16.1,7,,2022-11-07T06:37:20,2022-11-07T17:31:55,0.46,Clear,Clear conditions throughout the day.,clear-day,"42182099999,42176099999,VIDP,42139099999,42181099999"
"delhi, India",2022-11-08,28,19.5,23.7,28.3,19.5,23.8,17.4,69.5,0,0,0,,0,0,29.5,13,300.2,1015.7,42.1,1.5,169.9,14.7,7,,2022-11-08T06:38:06,2022-11-08T17:31:17,0.5,Partially cloudy,Partly cloudy throughout the day.,partly-cloudy-day,"42182099999,42176099999,VIDP,42139099999,42181099999"
"delhi, India",2022-11-09,29.3,19,23.4,29.2,19,23.3,14.8,60.6,0,0,0,,0,0,19.8,7.6,113.3,1015.8,26.6,2.4,163.1,14.1,6,,2022-11-09T06:38:52,2022-11-09T17:30:41,0.53,Partially cloudy,Partly cloudy throughout the day.,partly-cloudy-day,"42182099999,42176099999,VIDP,42139099999,42181099999"
"delhi, India",2022-11-10,28.6,18.8,23.5,29,18.8,23.5,16,64.6,0,0,0,,0,0,22.3,13,291.9,1016.8,30.1,2.1,172.4,15,6,,2022-11-10T06:39:38,2022-11-10T17:30:05,0.56,Partially cloudy,Partly cloudy throughout the day.,partly-cloudy-day,"42182099999,42176099999,VIDP,42139099999,42181099999"
"delhi, India",2022-11-11,27.7,17,21.8,27.2,17,21.8,13.4,61.9,0,0,0,,0,0,31.3,20.5,274.5,1017.2,0,1.8,188.4,16.1,7,,2022-11-11T06:40:24,2022-11-11T17:29:32,0.59,Clear,Clear conditions throughout the day.,clear-day,"42182099999,42176099999,VIDP,42139099999,42181099999"
"delhi, India",2022-11-12,27.2,15.7,21,26.8,15.7,20.9,10.3,53.4,0,0,0,,0,0,32,16.6,270.9,1016.6,0,2.1,189.3,16.1,7,,2022-11-12T06:41:11,2022-11-12T17:29:00,0.62,Clear,Clear conditions throughout the day.,clear-day,"42182099999,VIDP,42139099999,42181099999"
"delhi, India",2022-11-13,27.1,14.7,20.5,26.7,14.7,20.5,10.9,56.7,0,0,0,,0,0,31,16.6,274.4,1015.2,8.6,2.2,186.1,16.1,7,,2022-11-13T06:41:58,2022-11-13T17:28:29,0.66,Clear,Clear conditions throughout the day.,clear-day,"42182099999,42176099999,VIDP,42139099999,42181099999"
"delhi, India",2022-11-14,29.7,15.9,22.6,28.7,15.9,22.4,12.2,55.4,0,0,0,,0,0,25.9,11.2,86.5,1015.8,31.1,2.4,180.9,15.6,7,,2022-11-14T06:42:46,2022-11-14T17:28:00,0.69,Partially cloudy,Partly cloudy throughout the day.,partly-cloudy-day,"42182099999,42176099999,VIDP,42139099999,42181099999"
"delhi, India",2022-11-15,28.5,17.9,22,27.9,17.9,22,12.4,56.5,0,0,0,,0,0,22.7,9.4,258.2,1015.6,37.4,2.4,170.4,14.7,6,,2022-11-15T06:43:33,2022-11-15T17:27:32,0.72,Partially cloudy,Partly cloudy throughout the day.,partly-cloudy-day,"42182099999,42176099999,VIDP,42139099999,42181099999"
"delhi, India",2022-11-16,26.5,15.7,20.6,26.5,15.7,20.6,9.4,52.9,0,0,0,,0,0,29.9,16.6,281.2,1014.8,7.4,2.5,180.9,15.5,7,,2022-11-16T06:44:21,2022-11-16T17:27:06,0.75,Clear,Clear conditions throughout the day.,clear-day,"42182099999,42176099999,VIDP,42139099999,42181099999"
"delhi, India",2022-11-17,24.8,14,18.7,24.8,14,18.7,9.6,57.4,0,0,0,,0,0,35.3,18.4,268.9,1014.7,1.5,2.4,183.2,15.9,7,,2022-11-17T06:45:09,2022-11-17T17:26:41,0.78,Clear,Clear conditions throughout the day.,clear-day,"42182099999,42176099999,VIDP,42139099999,42181099999"
"delhi, India",2022-11-18,25.2,12.4,18.6,25.2,12.4,18.6,8.4,54.3,0,0,0,,0,0,24.5,14.8,285.3,1016,2.5,2.4,184.9,16.1,7,,2022-11-18T06:45:57,2022-11-18T17:26:18,0.82,Clear,Clear conditions throughout the day.,clear-day,"42182099999,42176099999,VIDP,42139099999,42181099999"
"delhi, India",2022-11-19,25.8,12.5,18.7,25.8,12.5,18.7,8.4,54.7,0,0,0,,0,0,20.2,9.4,286,1016.6,24.8,2.7,179.6,15.6,7,,2022-11-19T06:46:45,2022-11-19T17:25:56,0.85,Partially cloudy,Partly cloudy throughout the day.,partly-cloudy-day,"42182099999,42176099999,VIDP,42139099999,42181099999"
"delhi, India",2022-11-20,25.8,12.4,18.7,25.8,12.4,18.7,9.1,55.7,0,0,0,,0,0,24.8,11.2,276.1,1015.1,13.9,2.3,179.3,15.5,7,,2022-11-20T06:47:33,2022-11-20T17:25:36,0.88,Clear,Clear conditions throughout the day.,clear-day,"42182099999,42176099999,VIDP,42139099999,42181099999"
"delhi, India",2022-11-21,26,12.3,18.6,26,12.3,18.6,9.5,58.5,0,0,0,,0,0,30.2,14.8,266.4,1014.1,2.9,2.7,179.8,15.4,7,,2022-11-21T06:48:21,2022-11-21T17:25:18,0.91,Clear,Clear conditions throughout the day.,clear-day,"42182099999,42176099999,VIDP,42139099999,42181099999"
"delhi, India",2022-11-22,25.7,13,18.6,25.7,13,18.6,8.5,54.4,0,0,0,,0,0,27,14.8,258,1014.1,1.1,2.5,179.3,15.4,7,,2022-11-22T06:49:10,2022-11-22T17:25:01,0.95,Clear,Clear conditions throughout the day.,clear-day,"42182099999,42176099999,VIDP,42139099999,42181099999"
"delhi, India",2022-11-23,26.1,11.7,18.5,26.1,11.7,18.5,6.7,49.6,0,0,0,,0,0,29.9,18.4,264.3,1014.4,0,2.7,181.7,15.6,7,,2022-11-23T06:49:58,2022-11-23T17:24:46,0.98,Clear,Clear conditions throughout the day.,clear-day,"42182099999,42176099999,VIDP,42139099999,42181099999"
"delhi, India",2022-11-24,26.3,11,18.3,26.3,11,18.3,7.5,51.3,0,0,0,,0,0,28.1,11.2,274.6,1014.3,0,2.6,180,15.6,7,,2022-11-24T06:50:46,2022-11-24T17:24:33,0,Clear,Clear conditions throughout the day.,clear-day,"42182099999,42176099999,VIDP,42139099999,42181099999"
"delhi, India",2022-11-25,26.5,10.9,18.3,26.5,10.9,18.3,7.7,54.6,0,0,0,,0,0,19.1,11.2,286.7,1016.6,5.1,2.5,176.7,15.4,7,,2022-11-25T06:51:34,2022-11-25T17:24:21,0.05,Clear,Clear conditions throughout the day.,clear-day,"42182099999,42176099999,VIDP,42139099999,42181099999"
"delhi, India",2022-11-26,25.6,10.5,17.7,25.6,10.5,17.7,9.5,60.5,0,0,0,,0,0,29.9,13,269.1,1013.6,8.2,2,176,15.4,7,,2022-11-26T06:52:22,2022-11-26T17:24:11,0.08,Clear,Clear conditions throughout the day.,clear-day,"42182099999,42176099999,VIDP,42139099999,42181099999,VIDD,remote"
"delhi, India",2022-11-27,26.4,11.1,17.6,26.4,11.1,17.6,9.1,61.6,0,0,0,,0,0,20.9,7.6,273.3,1011.7,10.1,1.9,175.4,15.4,7,,2022-11-27T06:53:10,2022-11-27T17:24:02,0.12,Clear,Clear conditions throughout the day.,clear-day,"42182099999,42176099999,VIDP,42139099999,42181099999"
"delhi, India",2022-11-28,25.5,10.7,17.8,25.5,10.7,17.8,9.3,61.5,0,0,0,,0,0,15.8,6.9,266.1,1013.1,0.8,1.7,173.8,15.1,7,,2022-11-28T06:53:57,2022-11-28T17:23:55,0.15,Clear,Clear conditions throughout the day.,clear-day,"42182099999,42176099999,VIDP,42139099999,42181099999"
"delhi, India",2022-11-29,25,10.2,17.5,25,10.2,17.5,10.1,65.3,0,0,0,,0,0,17.3,5.4,306.6,1015.3,4.7,1.5,172.2,15.1,7,,2022-11-29T06:54:45,2022-11-29T17:23:50,0.19,Clear,Clear conditions throughout the day.,clear-day,"42182099999,42176099999,VIDP,42139099999,42181099999"
"delhi, India",2022-11-30,25.2,11.6,17.5,25.2,11.6,17.5,10.4,65.9,0,0,0,,0,0,19.8,11.2,266.8,1016.5,6.6,1.7,168.7,14.5,6,,2022-11-30T06:55:32,2022-11-30T17:23:46,0.25,Clear,Clear conditions throughout the day.,clear-day,"42182099999,42176099999,VIDP,42139099999,42181099999"
"delhi, India",2022-12-01,24.7,10.9,17.4,24.7,10.9,17.4,11.1,69,0,0,0,,0,0,24.5,13,254.1,1015.4,3,1.5,171.1,14.8,7,,2022-12-01T06:56:18,2022-12-01T17:23:44,0.26,Clear,Clear conditions throughout the day.,clear-day,"42182099999,42176099999,VIDP,42139099999,42181099999"
"delhi, India",2022-12-02,25.8,10.9,17.8,25.8,10.9,17.8,10.4,65.4,0,0,0,,0,0,14,6.9,237.9,1014.3,18,1.6,167.9,14.3,6,,2022-12-02T06:57:05,2022-12-02T17:23:44,0.29,Clear,Clear conditions throughout the day.,clear-day,"42182099999,42176099999,VIDP,42139099999,42181099999"
"delhi, India",2022-12-03,25.1,11.1,17.7,25.1,11.1,17.7,11.7,70,0,0,0,,0,0,12.6,5.4,330,1015.1,3.3,1.6,166,14.2,6,,2022-12-03T06:57:50,2022-12-03T17:23:45,0.33,Clear,Clear conditions throughout the day.,clear-day,"42182099999,42176099999,VIDP,42139099999,42181099999"
"delhi, India",2022-12-04,24.4,11.9,17.5,24.4,11.9,17.5,12.4,74.1,14.935,100,4.17,rain,0,0,22.7,9.4,261.8,1015.7,1.7,1.5,167.2,14.5,6,,2022-12-04T06:58:36,2022-12-04T17:23:48,0.36,Rain,Clear conditions throughout the day with early morning rain.,rain,"42182099999,42176099999,VIDP,42139099999,42181099999"
"delhi, India",2022-12-05,24.4,10.8,16.7,24.4,10.8,16.7,10.3,69.3,0,0,0,,0,0,19.4,10.4,289.1,1017.3,0,1.6,168.3,14.6,6,,2022-12-05T06:59:21,2022-12-05T17:23:53,0.4,Clear,Clear conditions throughout the day.,clear-day,"42182099999,42176099999,VIDP,42139099999,42181099999"
"delhi, India",2022-12-06,23,10.5,16,23,10.5,16,10.2,70.7,0,0,0,,0,0,32.4,15,255.6,1016.2,0,1.8,168.6,14.6,6,,2022-12-06T07:00:05,2022-12-06T17:23:59,0.43,Clear,Clear conditions throughout the day.,clear-day,"42182099999,42176099999,VIDP,42139099999,42181099999"
"delhi, India",2022-12-07,23.7,10.9,16.2,23.7,10.9,16.2,9.4,67.3,0,0,0,,0,0,37.4,18.4,267.2,1015.3,0,2,168.6,14.6,6,,2022-12-07T07:00:49,2022-12-07T17:24:07,0.47,Clear,Clear conditions throughout the day.,clear-day,"42182099999,42176099999,VIDP,42139099999,42181099999"
"delhi, India",2022-12-08,24,10.9,17.1,24,10.9,17.1,9.3,62.6,0,0,0,,0,0,30.2,16.6,292.2,1016,0,2.3,165.2,14.3,6,,2022-12-08T07:01:32,2022-12-08T17:24:16,0.5,Clear,Clear conditions throughout the day.,clear-day,"42182099999,42176099999,VIDP,42139099999,42181099999"
"delhi, India",2022-12-09,25.6,10.8,17.4,25.6,10.8,17.4,9.6,64.7,0,0,0,,0,0,24.1,14.8,308.1,1014.9,0,2.1,163.6,14.2,6,,2022-12-09T07:02:15,2022-12-09T17:24:27,0.54,Clear,Clear conditions throughout the day.,clear-day,"42182099999,42176099999,VIDP,42139099999,42181099999,remote"
"delhi, India",2022-12-10,26.1,10.9,17.6,26.1,10.9,17.6,11.1,69.3,0,0,0,,0,0,21.2,11.2,287.7,1015.2,0.4,2.1,163.6,14.2,6,,2022-12-10T07:02:57,2022-12-10T17:24:40,0.57,Clear,Clear conditions throughout the day.,clear-day,"42182099999,42176099999,VIDP,42139099999,42181099999"
"delhi, India",2022-12-11,26.5,11.2,18,26.5,11.2,18,10.9,67,0,0,0,,0,0,23,11.2,263.6,1015.6,0,2.2,165.4,14.2,6,,2022-12-11T07:03:38,2022-12-11T17:24:54,0.6,Clear,Clear conditions throughout the day.,clear-day,"42182099999,42176099999,VIDP,42139099999,42181099999"
"delhi, India",2022-12-12,25.7,10.8,17.6,25.7,10.8,17.6,9,61,0,0,0,,0,0,28.4,13,267,1014.8,0,2.6,167.3,14.4,6,,2022-12-12T07:04:18,2022-12-12T17:25:10,0.63,Clear,Clear conditions throughout the day.,clear-day,"42182099999,42176099999,VIDP,42139099999,42181099999"
"delhi, India",2022-12-13,25.5,10.5,17.7,25.5,10.5,17.7,7.4,55.3,0,0,0,,0,0,36.4,18.4,271.8,1016.1,0,2.6,167.3,14.4,6,,2022-12-13T07:04:58,2022-12-13T17:25:27,0.67,Clear,Clear conditions throughout the day.,clear-day,"42182099999,42176099999,VIDP,42139099999,42181099999"
"delhi, India",2022-12-14,23.5,11,16.6,23.5,11,16.6,7,57.3,0,0,0,,0,0,34.2,16.6,267.8,1016,0,2.9,168.8,14.8,6,,2022-12-14T07:05:36,2022-12-14T17:25:46,0.7,Clear,Clear conditions throughout the day.,clear-day,"42182099999,42176099999,VIDP,42139099999,42181099999"
"delhi, India",2022-12-15,22.6,8.9,15,22.6,8.7,15,5.6,56.4,0,0,0,,0,0,31,13,263.6,1014.9,0,3.2,167.2,14.5,6,,2022-12-15T07:06:14,2022-12-15T17:26:06,0.73,Clear,Clear conditions throughout the day.,clear-day,"42182099999,42176099999,VIDP,42139099999,42181099999"
"delhi, India",2022-12-16,22.6,9.7,14.9,22.6,8.4,14.8,6.9,61,0,0,0,,0,0,24.5,11.2,259.7,1014,0,2.7,166.5,14.4,6,,2022-12-16T07:06:51,2022-12-16T17:26:28,0.75,Clear,Clear conditions throughout the day.,clear-day,"42182099999,42176099999,VIDP,42139099999,42181099999,remote"
"delhi, India",2022-12-17,23,8.9,15.2,23,8.9,15.2,7,61.7,0,0,0,,0,0,23.8,11.2,278.7,1015.7,0,2.4,165.4,14.1,6,,2022-12-17T07:07:26,2022-12-17T17:26:51,0.8,Clear,Clear conditions throughout the day.,clear-day,"42182099999,42176099999,VIDP,42139099999,42181099999"
"delhi, India",2022-12-18,23,8.9,15.1,23,8.9,15.1,9.6,71.7,0,0,0,,0,0,18,11.2,265.6,1016,0.2,1.8,163.6,14.1,6,,2022-12-18T07:08:01,2022-12-18T17:27:15,0.83,Clear,Clear conditions throughout the day.,clear-day,"42182099999,42176099999,VIDP,42139099999,42181099999"
"delhi, India",2022-12-19,21.9,8.9,14.4,21.9,8.5,14.4,10,77.5,0,0,0,,0,0,20.2,10.1,278.8,1014.7,15.8,1.1,164.4,14.1,6,,2022-12-19T07:08:35,2022-12-19T17:27:41,0.86,Clear,Clear conditions throughout the day.,clear-day,"42182099999,42176099999,VIDP,42139099999,42181099999,remote"
"delhi, India",2022-12-20,22.1,8,13.7,22.1,6.8,13.6,9.4,79,0,0,0,,0,0,23.4,10.6,273.3,1014,53,0.9,160.5,13.7,6,,2022-12-20T07:09:07,2022-12-20T17:28:08,0.9,Partially cloudy,Partly cloudy throughout the day.,fog,"42182099999,42176099999,VIDP,42139099999,42181099999"
"delhi, India",2022-12-21,19.7,9,13.6,19.7,9,13.6,10,81.3,0,0,0,,0,0,20.9,9.4,308.8,1015.3,19,1,160.9,14,6,,2022-12-21T07:09:39,2022-12-21T17:28:37,0.93,Clear,Clear conditions throughout the day.,clear-day,"42182099999,42176099999,VIDP,42139099999,42181099999"
"delhi, India",2022-12-22,19.1,8,12.4,19.1,6.8,12.2,9.4,84.2,0,0,0,,0,0,24.8,9.4,295.4,1015.2,27.4,1,165.1,14.3,6,,2022-12-22T07:10:09,2022-12-22T17:29:07,0.96,Partially cloudy,Clearing in the afternoon.,partly-cloudy-day,"42182099999,42176099999,VIDP,42139099999,42181099999"
"delhi, India",2022-12-23,19.1,8,12.6,19.1,7.4,12.5,8.7,80.5,0,0,0,,0,0,17.6,9.4,352.9,1014.3,38.8,1.1,153.9,13.2,6,,2022-12-23T07:10:38,2022-12-23T17:29:38,0,Partially cloudy,Partly cloudy throughout the day.,partly-cloudy-day,"42182099999,42176099999,VIDP,42139099999,42181099999"
"delhi, India",2022-12-24,18.6,7,11.8,18.6,5.6,11.5,8.1,80.9,0,0,0,,0,0,28.8,13,269.4,1015.9,16.4,1.4,159.7,13.9,6,,2022-12-24T07:11:05,2022-12-24T17:30:10,0.03,Clear,Clear conditions throughout the day.,clear-day,"42182099999,42176099999,VIDP,42139099999,42181099999"
"delhi, India",2022-12-25,15.1,6,10,15.1,3.6,9.1,8.3,90.1,94.507,100,4.17,rain,0,0,25.9,16.6,271.2,1016.7,13.3,1.2,164.5,14.3,6,,2022-12-25T07:11:32,2022-12-25T17:30:44,0.06,Rain,Clear conditions throughout the day with late afternoon rain.,rain,"42182099999,42176099999,VIDP,42139099999,42181099999"
"delhi, India",2022-12-26,13,7,9,13,5.2,8.4,8.3,95.6,0,0,0,,0,0,20.2,9.4,277.8,1018.6,28.3,0.5,157.6,13.8,6,,2022-12-26T07:11:57,2022-12-26T17:31:19,0.1,Partially cloudy,Clearing in the afternoon.,fog,"42182099999,42176099999,VIDP,42139099999,42181099999"
"delhi, India",2022-12-27,16.3,7,10.3,16.3,4.8,9.7,8.4,88.7,0,0,0,,0,0,30.2,14.2,260.3,1018.2,50.2,0.8,164.8,14.3,6,,2022-12-27T07:12:21,2022-12-27T17:31:54,0.13,Partially cloudy,Partly cloudy throughout the day.,fog,"42182099999,42176099999,VIDP,42139099999,42181099999"
"delhi, India",2022-12-28,21.4,7,13.2,21.4,5.6,12.8,7.7,74.1,0,0,0,,0,0,38.5,19.4,255.8,1017.5,3.3,1.9,166.4,14.5,6,,2022-12-28T07:12:43,2022-12-28T17:32:31,0.17,Clear,Clear conditions throughout the day.,clear-day,"42182099999,42176099999,VIDP,42139099999,42181099999"
"delhi, India",2022-12-29,22.9,9.7,14.9,22.9,9.7,14.9,8.1,68.8,0,0,0,,0,0,19.8,11.2,46.9,1018.3,43.4,1.8,122.8,10.7,5,,2022-12-29T07:13:04,2022-12-29T17:33:09,0.2,Partially cloudy,Partly cloudy throughout the day.,partly-cloudy-day,"42182099999,42176099999,VIDP,42139099999,42181099999"
"delhi, India",2022-12-30,21.9,12,15.6,21.9,12,15.6,10.7,75.2,0,0,0,,0,0,24.5,13,110.9,1018.7,44.5,1,124.3,10.9,5,,2022-12-30T07:13:24,2022-12-30T17:33:48,0.25,Partially cloudy,Partly cloudy throughout the day.,partly-cloudy-day,"42182099999,42176099999,VIDP,42139099999,42181099999"
"delhi, India",2022-12-31,18.5,9.8,13.9,18.5,9.8,13.9,11.2,84.9,0,0,0,,0,0,32.8,18.4,274,1019.7,8.9,1.2,164.3,14.2,6,,2022-12-31T07:13:42,2022-12-31T17:34:28,0.27,Clear,Clear conditions throughout the day.,clear-day,"42182099999,42176099999,VIDP,42139099999,42181099999"
"delhi, India",2023-01-01,20.1,7.9,13.4,20.1,7.9,13.3,9.6,79.8,0,0,0,,0,0,15.8,9.4,265.7,1020.6,25.9,1.7,161.6,14,6,,2023-01-01T07:13:58,2023-01-01T17:35:09,0.3,Partially cloudy,Partly cloudy throughout the day.,partly-cloudy-day,"42182099999,42176099999,VIDP,42139099999,42181099999"
"delhi, India",2023-01-02,17,9,12.4,17,8.5,12.4,10.3,87.9,0,0,0,,0,0,15.5,9.4,170.2,1021.4,25.3,0.8,150.6,13.2,6,,2023-01-02T07:14:14,2023-01-02T17:35:50,0.34,Partially cloudy,Clearing in the afternoon.,fog,"42182099999,42176099999,VIDP,42139099999,42181099999"
"delhi, India",2023-01-03,15.3,7.9,11.2,15.3,7.9,11,8.7,85.6,0,0,0,,0,0,16.2,9.4,287.2,1022.2,28.4,0.8,154.5,13.5,6,,2023-01-03T07:14:27,2023-01-03T17:36:33,0.37,Partially cloudy,Partly cloudy throughout the day.,fog,"42182099999,42176099999,VIDP,42139099999,42181099999"
"delhi, India",2023-01-04,15,6.9,9.6,15,4.8,9,7.9,90.1,0,0,0,,0,0,20.9,11.2,290.2,1022.2,13,1,169,14.7,6,,2023-01-04T07:14:39,2023-01-04T17:37:16,0.41,Clear,Clear conditions throughout the day.,clear-day,"42182099999,42176099999,VIDP,42139099999,42181099999"
"delhi, India",2023-01-05,14.5,5.7,8.9,14.5,4,8.5,7.4,91,0,0,0,,0,0,19.8,8.7,274,1023.8,36.7,0.7,129.6,11.2,6,,2023-01-05T07:14:50,2023-01-05T17:38:00,0.44,Partially cloudy,Partly cloudy throughout the day.,fog,"42182099999,42176099999,VIDP,42139099999,42181099999,remote"
"delhi, India",2023-01-06,14.7,6.1,9.1,14.7,6.1,8.9,6.9,87.7,0,0,0,,0,0,19.4,11.2,263.2,1024.2,27.8,0.7,122.5,10.7,5,,2023-01-06T07:14:59,2023-01-06T17:38:45,0.48,Partially cloudy,Partly cloudy throughout the day.,fog,"42182099999,42176099999,VIDP,42139099999,42181099999"
"delhi, India",2023-01-07,14.2,5,8.3,14.2,2.4,7.8,6.4,89.2,0,0,0,,0,0,22,11.2,263,1022.1,39.2,0.8,145.1,12.5,7,,2023-01-07T07:15:06,2023-01-07T17:39:31,0.5,Partially cloudy,Clearing in the afternoon.,fog,"42182099999,42176099999,VIDP,42139099999,42181099999"
"delhi, India",2023-01-08,16.8,4,9.2,16.8,2.8,8.4,7.5,90.7,0,0,0,,0,0,24.8,9.4,262,1019.6,40,0.7,167.7,14.6,6,,2023-01-08T07:15:12,2023-01-08T17:40:17,0.54,Partially cloudy,Clearing in the afternoon.,fog,"42182099999,42176099999,VIDP,42139099999,42181099999,remote"
"delhi, India",2023-01-09,17.7,6.5,11,17.7,6.5,11,9.6,91.8,0,0,0,,0,0,18.7,7.6,302.5,1020.2,59.5,0.5,140.2,12.2,6,,2023-01-09T07:15:17,2023-01-09T17:41:03,0.58,Partially cloudy,Partly cloudy throughout the day.,fog,"42182099999,42176099999,VIDP,42139099999,42181099999,VIDD"
"delhi, India",2023-01-10,17,7,11.1,17,5.6,10.7,9,88.6,0,0,0,,0,0,24.8,11.8,271.1,1019.3,48.6,0.6,167.3,14.4,7,,2023-01-10T07:15:19,2023-01-10T17:41:50,0.61,Partially cloudy,Partly cloudy throughout the day.,fog,"42182099999,42176099999,VIDP,42139099999,42181099999"
"delhi, India",2023-01-11,19,6.7,11.9,19,6.4,11.6,9.6,87.6,0,0,0,,0,0,17.6,18.4,85.6,1014.8,60.8,0.5,125.4,10.9,6,,2023-01-11T07:15:21,2023-01-11T17:42:38,0.64,Partially cloudy,Partly cloudy throughout the day.,fog,"42182099999,42176099999,VIDP,42139099999,42181099999"
"delhi, India",2023-01-12,20.7,10,14.4,20.7,9.1,14.3,12,87,84.214,100,4.17,rain,0,0,28.8,14.8,96.7,1012.2,47.4,1,122.7,10.6,6,,2023-01-12T07:15:20,2023-01-12T17:43:26,0.68,"Rain, Partially cloudy",Partly cloudy throughout the day with early morning rain.,rain,"42182099999,42176099999,VIDP,42139099999,42181099999"
"delhi, India",2023-01-13,21,12,15.1,21,12,15.1,13.4,90.5,0,0,0,,0,0,26.3,13,102.9,1013.3,51.2,0.8,117.3,10.1,5,,2023-01-13T07:15:18,2023-01-13T17:44:15,0.71,Partially cloudy,Partly cloudy throughout the day.,fog,"42182099999,42176099999,VIDP,42139099999,42181099999"
"delhi, India",2023-01-14,17.7,10,13,17.7,8.7,12.9,9.6,82,0,0,0,,0,0,32,18.4,273.9,1016.5,30.7,1.3,165.9,14.3,6,,2023-01-14T07:15:14,2023-01-14T17:45:03,0.75,Partially cloudy,Partly cloudy throughout the day.,partly-cloudy-day,"42182099999,42176099999,VIDP,42139099999,42181099999"
"delhi, India",2023-01-15,16.4,5,10.5,16.4,3.3,10,1.6,59.6,0,0,0,,0,0,32.4,21.1,267.9,1015.5,4,2.4,178.5,15.5,7,,2023-01-15T07:15:09,2023-01-15T17:45:53,0.75,Clear,Clear conditions throughout the day.,clear-day,"42182099999,42176099999,VIDP,42139099999,42181099999"
"delhi, India",2023-01-16,17.6,4.8,10.6,17.6,3.3,10.4,2.6,61.2,0,0,0,,0,0,24.1,13,291.6,1016.8,0,1.6,183.5,15.8,7,,2023-01-16T07:15:02,2023-01-16T17:46:42,0.81,Clear,Clear conditions throughout the day.,clear-day,"42182099999,42176099999,VIDP,42139099999,42181099999"
"delhi, India",2023-01-17,18.7,4.9,11,18.7,2.8,10.5,1.8,59.5,0,0,0,,0,0,27,14.8,287.8,1017.4,0,1.9,185.1,16,7,,2023-01-17T07:14:53,2023-01-17T17:47:32,0.85,Clear,Clear conditions throughout the day.,clear-day,"42182099999,42176099999,VIDP,42139099999,42181099999,remote"
"delhi, India",2023-01-18,18.4,5.6,11,18.4,5.6,11,2.4,60.1,0,0,0,,0,0,23,11.2,283.8,1019.3,5.7,1.9,183.6,15.8,7,,2023-01-18T07:14:43,2023-01-18T17:48:22,0.88,Clear,Clear conditions throughout the day.,clear-day,"42182099999,42176099999,VIDP,42139099999,42181099999"
"delhi, India",2023-01-19,21.1,7.1,14.3,21.1,7.1,14.3,4.2,54.4,0,0,0,,0,0,22.3,7.6,271.7,1019,50.1,1.5,159.1,13.6,6,,2023-01-19T07:14:32,2023-01-19T17:49:12,0.91,Partially cloudy,Partly cloudy throughout the day.,partly-cloudy-day,"42182099999,42176099999,VIDP,42139099999,42181099999"
"delhi, India",2023-01-20,22.6,11,16.2,22.6,11,16.2,8.3,62.1,0,0,0,,0,0,25.9,13,354.8,1017.3,52.8,2.3,162.6,13.9,6,,2023-01-20T07:14:18,2023-01-20T17:50:02,0.95,Partially cloudy,Partly cloudy throughout the day.,partly-cloudy-day,"42182099999,42176099999,VIDP,42139099999,42181099999"
"delhi, India",2023-01-21,22.4,9.3,15.1,22.4,9.3,15.1,11.3,80,0,0,0,,0,0,17.3,7.6,268.7,1016.8,6.2,1.5,181.3,15.6,7,,2023-01-21T07:14:03,2023-01-21T17:50:53,0.98,Clear,Clear conditions throughout the day.,clear-day,"42182099999,42176099999,VIDP,42139099999,42181099999"
"delhi, India",2023-01-22,23,10,15.6,23,10,15.6,9.7,72.4,0,0,0,,0,0,18.4,9.4,67,1016,18.1,1.2,158.1,13.5,6,,2023-01-22T07:13:47,2023-01-22T17:51:43,0,Clear,Clear conditions throughout the day.,clear-day,"42182099999,42176099999,VIDP,42139099999,42181099999"
"delhi, India",2023-01-23,24.8,10,16.6,24.8,10,16.6,9,68.2,0,0,0,,0,0,15.5,11.2,65.4,1015.3,20.8,1.5,177.7,15.1,7,,2023-01-23T07:13:29,2023-01-23T17:52:33,0.05,Partially cloudy,Partly cloudy throughout the day.,partly-cloudy-day,"42182099999,42176099999,VIDP,42139099999,42181099999"
"delhi, India",2023-01-24,20.6,13.8,17.1,20.6,13.8,17.1,13.8,81.5,0,0,0,,0,0,34.9,16.6,107.2,1014.1,70.3,1.6,103.7,8.8,4,,2023-01-24T07:13:09,2023-01-24T17:53:24,0.08,Partially cloudy,Partly cloudy throughout the day.,partly-cloudy-day,"42182099999,42176099999,VIDP,42139099999,42181099999"
"delhi, India",2023-01-25,18.6,12.4,15.5,18.6,12.4,15.5,14.2,91.8,0,0,0,,0,0,23,11.2,260.1,1015.9,61.5,1.2,126.5,10.9,5,,2023-01-25T07:12:48,2023-01-25T17:54:14,0.11,Partially cloudy,Partly cloudy throughout the day.,partly-cloudy-day,"42182099999,42176099999,VIDP,42139099999,42181099999"
"delhi, India",2023-01-26,16.2,12,14.2,16.2,12,14.2,13.2,94.1,0,0,0,,0,0,28.4,14.8,271.3,1018.5,55.3,1,164,14.3,6,,2023-01-26T07:12:25,2023-01-26T17:55:05,0.15,Partially cloudy,Partly cloudy throughout the day.,partly-cloudy-day,"42182099999,42176099999,VIDP,42139099999,42181099999"
"delhi, India",2023-01-27,19.8,7,12.9,19.8,5.6,12.7,6,65.8,0,0,0,,0,0,33.8,16.6,267.9,1018.3,8.3,1.5,194.2,16.8,7,,2023-01-27T07:12:01,2023-01-27T17:55:55,0.18,Clear,Clear conditions throughout the day.,clear-day,"42182099999,42176099999,VIDP,42139099999,42181099999"
"delhi, India",2023-01-28,22.6,5,13.5,22.6,2.1,12.9,6.9,68.6,0,0,0,,0,0,25.6,13,266.6,1015.2,0.2,1.7,197,16.9,7,,2023-01-28T07:11:35,2023-01-28T17:56:45,0.25,Clear,Clear conditions throughout the day.,clear-day,"42182099999,42176099999,VIDP,42139099999,42181099999"
"delhi, India",2023-01-29,17,9.4,13,17,9.4,13,11.6,91.8,6.597,100,8.33,rain,0,0,32.8,14.8,108.7,1014.9,73.5,1.3,77.1,6.5,3,,2023-01-29T07:11:08,2023-01-29T17:57:35,0.25,"Rain, Partially cloudy",Partly cloudy throughout the day with rain.,rain,"42182099999,42176099999,VIDP,42139099999,42181099999"
"delhi, India",2023-01-30,18.6,12,14.5,18.6,12,14.5,13.4,93.5,14.299,100,12.5,rain,0,0,46.4,27.7,84.7,1018.2,73.6,1.8,99.4,8.6,4,,2023-01-30T07:10:39,2023-01-30T17:58:25,0.28,"Rain, Partially cloudy",Partly cloudy throughout the day with rain clearing later.,rain,"42182099999,42176099999,VIDP,42139099999,42181099999"
"delhi, India",2023-01-31,19.4,12,14.7,19.4,12,14.7,13.6,92.9,0,0,0,,0,0,37.1,19.7,276.2,1018.9,59.6,1,192.4,16.6,7,,2023-01-31T07:10:09,2023-01-31T17:59:14,0.32,Partially cloudy,Partly cloudy throughout the day.,partly-cloudy-day,"42182099999,42176099999,VIDP,42139099999,42181099999"
"delhi, India",2023-02-01,20,10,14.2,20,7.9,14,10.8,82,0,0,0,,0,0,34.2,18.4,269.2,1017.8,39,1.5,199.3,17,7,,2023-02-01T07:09:37,2023-02-01T18:00:04,0.35,Partially cloudy,Clearing in the afternoon.,partly-cloudy-day,"42182099999,42176099999,VIDP,42139099999,42181099999"
"delhi, India",2023-02-02,23.6,9,15.8,23.6,7.9,15.7,9,68,0,0,0,,0,0,32.8,18.4,265.9,1016.5,0,2.3,201.8,17.4,7,,2023-02-02T07:09:04,2023-02-02T18:00:53,0.38,Clear,Clear conditions throughout the day.,clear-day,"42182099999,42176099999,VIDP,42139099999,42181099999,VIDD"
"delhi, India",2023-02-03,23.3,9,16.2,23.3,8.5,16.2,9.6,68.8,0,0,0,,0,0,28.1,14.8,269.9,1016.4,2.3,2.5,200.8,17.3,7,,2023-02-03T07:08:30,2023-02-03T18:01:42,0.42,Clear,Clear conditions throughout the day.,clear-day,"42182099999,42176099999,VIDP,42139099999,42181099999"
"delhi, India",2023-02-04,24.7,11.5,17.2,24.7,11.5,17.2,9.9,65.8,0,0,0,,0,0,36,18.4,264.9,1014,0,2.3,200.8,17.1,7,,2023-02-04T07:07:54,2023-02-04T18:02:31,0.45,Clear,Clear conditions throughout the day.,clear-day,"42182099999,42176099999,VIDP,42139099999,42181099999"
"delhi, India",2023-02-05,25,12,17.5,25,12,17.5,10.2,67.1,0,0,0,,0,0,28.4,14.8,262.9,1012.7,0,2.4,205.3,17.8,7,,2023-02-05T07:07:17,2023-02-05T18:03:19,0.5,Clear,Clear conditions throughout the day.,clear-day,"42182099999,42176099999,VIDP,42139099999,42181099999"
"delhi, India",2023-02-06,27.8,11.3,19.7,27.4,11.3,19.6,12,65.2,0,0,0,,0,0,20.5,9.6,137.4,1011.8,14.5,2.8,195.2,16.9,7,,2023-02-06T07:06:39,2023-02-06T18:04:07,0.52,Clear,Clear conditions throughout the day.,clear-day,"42182099999,42176099999,VIDP,42139099999,42181099999"
"delhi, India",2023-02-07,24.8,13,18.4,24.8,13,18.4,11.8,70,0,0,0,,0,0,33.5,17.3,275.3,1011.7,1.5,2.3,202.7,17.7,7,,2023-02-07T07:05:59,2023-02-07T18:04:55,0.55,Clear,Clear conditions throughout the day.,clear-day,"42182099999,42176099999,VIDP,42139099999,42181099999,VIDD"
"delhi, India",2023-02-08,24,11,16.9,24,11,16.9,8.3,60.1,0,0,0,,0,0,31.3,17.3,271.1,1014.1,11.2,2.8,208.2,17.9,8,,2023-02-08T07:05:18,2023-02-08T18:05:42,0.59,Clear,Clear conditions throughout the day.,clear-day,"42182099999,42176099999,VIDP,42139099999,42181099999"
"delhi, India",2023-02-09,28.2,11,19.3,27.2,11,19.2,10,60.8,0,0,0,,0,0,25.2,11.2,185.7,1012.6,4.9,2.6,206.2,17.8,7,,2023-02-09T07:04:35,2023-02-09T18:06:29,0.62,Clear,Clear conditions throughout the day.,clear-day,"42182099999,42176099999,VIDP,42139099999,42181099999"
"delhi, India",2023-02-10,28.8,14,21.2,28.2,14,21,12.2,61,0,0,0,,0,0,27.7,9.6,120.9,1011.3,5.8,3,204.6,17.7,7,,2023-02-10T07:03:52,2023-02-10T18:07:16,0.65,Clear,Clear conditions throughout the day.,clear-day,"42182099999,42176099999,VIDP,42139099999,42181099999"
"delhi, India",2023-02-11,26.8,15.6,20.1,26.9,15.6,20.1,15,74.9,0,0,0,,0,0,31.7,17.3,271.4,1013.6,2.3,2,206.5,17.8,8,,2023-02-11T07:03:07,2023-02-11T18:08:02,0.69,Clear,Clear conditions throughout the day.,clear-day,"42182099999,42176099999,VIDP,42139099999,42181099999"
"delhi, India",2023-02-12,23,12,17.3,23,12,17.3,5.4,49.7,0,0,0,,0,0,40.7,23.8,277.1,1017.9,0,2.6,218.2,18.8,8,,2023-02-12T07:02:21,2023-02-12T18:08:48,0.72,Clear,Clear conditions throughout the day.,clear-day,"42182099999,42176099999,VIDP,42139099999,42181099999"
"delhi, India",2023-02-13,22.1,9,15.5,22.1,6.5,15.1,1.5,41.8,0,0,0,,0,0,48.6,29.7,270.5,1016.1,0,3.3,220.9,19,8,,2023-02-13T07:01:34,2023-02-13T18:09:33,0.75,Clear,Clear conditions throughout the day.,clear-day,"42182099999,42176099999,VIDP,42139099999,42181099999"
"delhi, India",2023-02-14,25.2,10.5,17.2,25.2,10.5,17.2,3.3,43.2,0,0,0,,0,0,33.5,18.4,267.3,1015.9,5.8,3.4,215.7,18.7,8,,2023-02-14T07:00:46,2023-02-14T18:10:19,0.79,Clear,Clear conditions throughout the day.,clear-day,"42182099999,42176099999,VIDP,42139099999,42181099999"
"delhi, India",2023-02-15,27,11,18.6,26.4,11,18.5,7.8,52.7,0,0,0,,0,0,39.6,16.6,262.8,1013.4,0,2.9,217.4,18.9,8,,2023-02-15T06:59:57,2023-02-15T18:11:03,0.83,Clear,Clear conditions throughout the day.,clear-day,"42182099999,42176099999,VIDP,42139099999,42181099999"
"delhi, India",2023-02-16,27.4,12.8,19.8,27.5,12.8,19.8,13.2,67.8,0,0,0,,0,0,16.2,7.6,277.4,1014.9,10.5,2,216.7,18.8,8,,2023-02-16T06:59:06,2023-02-16T18:11:48,0.86,Clear,Clear conditions throughout the day.,clear-day,"42182099999,42176099999,VIDP,42139099999,42181099999"
"delhi, India",2023-02-17,28.3,15.3,21.1,28.2,15.3,21.1,15.2,72.5,0,0,0,,0,0,18.7,10.1,140.4,1016,45.7,1.5,218.1,18.9,8,,2023-02-17T06:58:15,2023-02-17T18:12:31,0.9,Partially cloudy,Partly cloudy throughout the day.,partly-cloudy-day,"42182099999,42176099999,VIDP,42139099999,42181099999"
"delhi, India",2023-02-18,28.8,14.3,21,28.5,14.3,20.9,14.5,70.9,0,0,0,,0,0,19.8,11.2,275.7,1015.4,25.1,1.6,220.3,18.8,8,,2023-02-18T06:57:22,2023-02-18T18:13:15,0.93,Partially cloudy,Partly cloudy throughout the day.,partly-cloudy-day,"42182099999,42176099999,VIDP,42139099999,42181099999"
"delhi, India",2023-02-19,29.9,14.4,21.7,29.5,14.4,21.6,14.8,69.3,0,0,0,,0,0,15.5,9,192.2,1014.3,28.1,2,217.4,18.7,8,,2023-02-19T06:56:29,2023-02-19T18:13:58,0.96,Partially cloudy,Partly cloudy throughout the day.,partly-cloudy-day,"42182099999,42176099999,VIDP,42139099999,42181099999"
"delhi, India",2023-02-20,32,15.7,23.3,31.2,15.7,23.1,14.1,63.3,0,0,0,,0,0,20.9,13,119.7,1011.3,33.9,2.5,218.3,19,8,,2023-02-20T06:55:35,2023-02-20T18:14:41,0,Partially cloudy,Partly cloudy throughout the day.,partly-cloudy-day,"42182099999,42176099999,VIDP,42139099999,42181099999"
"delhi, India",2023-02-21,30.5,17,22.8,30.4,17,22.8,15.8,67.4,0,0,0,,0,0,22.3,13,242.2,1010.7,10.2,2.6,226.8,19.7,8,,2023-02-21T06:54:39,2023-02-21T18:15:23,0.03,Clear,Clear conditions throughout the day.,clear-day,"42182099999,42176099999,VIDP,42139099999,42181099999"
"delhi, India",2023-02-22,27.2,16,21.1,27.9,16,21.1,16.4,77.3,0,0,0,,0,0,25.9,10.1,276.2,1012.8,35,1.3,215.1,18.7,7,,2023-02-22T06:53:43,2023-02-22T18:16:05,0.06,Partially cloudy,Clearing in the afternoon.,partly-cloudy-day,"42182099999,42176099999,VIDP,42139099999,42181099999,remote"
"delhi, India",2023-02-23,28.5,15,21,27.2,15,20.8,11.6,60.9,0,0,0,,0,0,35.3,16.6,266.7,1013,4.1,2.6,235.6,20.5,8,,2023-02-23T06:52:46,2023-02-23T18:16:46,0.1,Clear,Clear conditions throughout the day.,clear-day,"42182099999,42176099999,VIDP,42139099999,42181099999"
"delhi, India",2023-02-24,29.3,13.3,20.7,27.8,13.3,20.5,10.8,58.3,0,0,0,,0,0,28.1,13.7,265.9,1014.8,31.3,2.8,226,19.5,8,,2023-02-24T06:51:48,2023-02-24T18:17:27,0.13,Partially cloudy,Partly cloudy throughout the day.,partly-cloudy-day,"42182099999,42176099999,VIDP,42139099999,42181099999"
"delhi, India",2023-02-25,29.7,14.3,21.7,28.7,14.3,21.5,12.7,61.2,0,0,0,,0,0,19.1,9.4,277.8,1016.6,0,2.7,234.6,20.3,8,,2023-02-25T06:50:49,2023-02-25T18:18:08,0.16,Clear,Clear conditions throughout the day.,clear-day,"42182099999,42176099999,VIDP,42139099999,42181099999"
"delhi, India",2023-02-26,31.2,15.4,23.3,30,15.4,23,12.8,56.3,0,0,0,,0,0,15.8,9.4,239.7,1017.9,12.5,2.8,221.5,19,8,,2023-02-26T06:49:50,2023-02-26T18:18:48,0.2,Clear,Clear conditions throughout the day.,clear-day,"42182099999,42176099999,VIDP,42139099999,42181099999"
"delhi, India",2023-02-27,31.5,16.7,23.5,30,16.7,23.2,13.3,57,0,0,0,,0,0,22.7,11.2,286,1017.6,11.5,2.7,219.1,19,8,,2023-02-27T06:48:50,2023-02-27T18:19:28,0.25,Clear,Clear conditions throughout the day.,clear-day,"42182099999,42176099999,VIDP,42139099999,42181099999"
"delhi, India",2023-02-28,30,16,22.8,28.6,16,22.5,12,55.1,0,0,0,,0,0,37.1,18.4,337.1,1017.7,23,2.5,221.3,19.2,8,,2023-02-28T06:47:49,2023-02-28T18:20:08,0.26,Partially cloudy,Partly cloudy throughout the day.,partly-cloudy-day,"42182099999,42176099999,VIDP,42139099999,42181099999"
"delhi, India",2023-03-01,29,19,23.2,28.8,19,23,11.2,48.7,0.06,100,8.33,rain,0,0,37.1,14.8,3.3,1019,56.9,2.8,234.4,20.3,8,,2023-03-01T06:46:47,2023-03-01T18:20:47,0.29,"Rain, Partially cloudy",Partly cloudy throughout the day with morning rain.,rain,"42182099999,42176099999,VIDP,42139099999,42181099999,remote"
"delhi, India",2023-03-02,30.5,16.7,23.5,29.4,16.7,23.2,13.4,56.6,0,0,0,,0,0,27,13,286.9,1019.1,10.9,2.6,238,20.5,8,,2023-03-02T06:45:44,2023-03-02T18:21:26,0.33,Clear,Clear conditions throughout the day.,clear-day,"42182099999,42176099999,VIDP,42139099999,42181099999"
"delhi, India",2023-03-03,31,17,23.6,29.7,17,23.3,13.9,59.3,0,0,0,,0,0,35.3,14.2,289.3,1019.5,7,2.7,231.6,20,8,,2023-03-03T06:44:41,2023-03-03T18:22:04,0.36,Clear,Clear conditions throughout the day.,clear-day,"42182099999,42176099999,VIDP,42139099999,42181099999"
"delhi, India",2023-03-04,26,18.6,22.3,26,18.6,22.3,13,57.3,0,0,0,,0,0,35.6,17.4,268.1,1019.8,49.1,2.5,213.7,18.4,7,,2023-03-04T06:43:38,2023-03-04T18:22:42,0.39,Partially cloudy,Partly cloudy throughout the day.,partly-cloudy-day,"42182099999,42176099999,VIDP,42139099999,42181099999"
"delhi, India",2023-03-05,30.2,17.6,23.5,29.4,17.6,23.2,13.1,55,0,0,0,,0,0,32,15.1,278.2,1018.5,21.8,3.2,241.4,20.6,8,,2023-03-05T06:42:34,2023-03-05T18:23:20,0.43,Partially cloudy,Partly cloudy throughout the day.,partly-cloudy-day,"42182099999,42176099999,VIDP,42139099999,42181099999"
"delhi, India",2023-03-06,29.6,17,23.1,28.6,17,22.9,12.9,57.2,0,0,0,,0,0,31.3,18.4,279.6,1016.2,7.4,2.9,247.3,21.5,8,,2023-03-06T06:41:29,2023-03-06T18:23:58,0.46,Clear,Clear conditions throughout the day.,clear-day,"42182099999,42176099999,VIDP,42139099999,42181099999"
"delhi, India",2023-03-07,30.4,17.4,23.5,28.9,17.4,23.1,11.1,50.3,0,0,0,,0,0,23.4,14.2,283.7,1015.8,26.5,3.2,245,21.2,8,,2023-03-07T06:40:24,2023-03-07T18:24:35,0.5,Partially cloudy,Partly cloudy throughout the day.,partly-cloudy-day,"42182099999,42176099999,VIDP,42139099999,42181099999"
"delhi, India",2023-03-08,29.2,17.2,23.4,28.4,17.2,23.2,12.2,51.6,0,0,0,,0,0,20.9,13,303.1,1016.9,42.8,2.7,233.1,20.1,8,,2023-03-08T06:39:18,2023-03-08T18:25:12,0.53,Partially cloudy,Partly cloudy throughout the day.,partly-cloudy-day,"42182099999,42176099999,VIDP,42139099999,42181099999"
"delhi, India",2023-03-09,29.2,18.7,23.9,28.5,18.7,23.7,12.5,51,0,0,0,,0,0,21.6,13,250.9,1017,48.2,3.2,241.6,20.8,8,,2023-03-09T06:38:12,2023-03-09T18:25:48,0.56,Partially cloudy,Partly cloudy throughout the day.,partly-cloudy-day,"42182099999,42176099999,VIDP,42139099999,42181099999"
"delhi, India",2023-03-10,29.9,17.3,23.7,29.4,17.3,23.6,14.8,60.7,0,0,0,,0,0,28.8,14.8,271.1,1015.9,10.7,2.9,251.4,21.7,9,,2023-03-10T06:37:05,2023-03-10T18:26:25,0.6,Clear,Clear conditions throughout the day.,clear-day,"42182099999,42176099999,VIDP,42139099999,42181099999"
"delhi, India",2023-03-11,31.6,18,24.5,29.9,18,24,12.2,53.1,0,0,0,,0,0,22.3,13,282.6,1015.6,0.3,3.1,252.3,21.8,9,,2023-03-11T06:35:58,2023-03-11T18:27:01,0.63,Clear,Clear conditions throughout the day.,clear-day,"42182099999,42176099999,VIDP,42139099999,42181099999"
"delhi, India",2023-03-12,33.1,17.3,25.3,31.9,17.3,24.7,11.5,46.2,0,0,0,,0,0,18.7,11.2,290.7,1014.9,9.3,2.9,253.6,21.9,9,,2023-03-12T06:34:50,2023-03-12T18:27:36,0.67,Clear,Clear conditions throughout the day.,clear-day,"42182099999,42176099999,VIDP,42139099999,42181099999"
"delhi, India",2023-03-13,33,18.9,25.7,31.8,18.9,25.3,13.5,50.6,0,0,0,,0,0,31,13,289,1013.5,37.1,3,204,17.6,8,,2023-03-13T06:33:43,2023-03-13T18:28:12,0.7,Partially cloudy,Partly cloudy throughout the day.,partly-cloudy-day,"42182099999,42176099999,VIDP,42139099999,42181099999"
"delhi, India",2023-03-14,32.7,20,25.8,31.7,20,25.5,14.9,54.9,0,0,0,,0,0,30.2,14.8,268.1,1010.7,14.7,3,254,22,9,,2023-03-14T06:32:35,2023-03-14T18:28:47,0.74,Clear,Clear conditions throughout the day.,clear-day,"42182099999,42176099999,VIDP,42139099999,42181099999"
"delhi, India",2023-03-15,33.5,19.5,26.2,32,19.5,25.6,13.3,49.9,0,0,0,,0,0,17.6,8.8,282.3,1009.6,29.5,3.2,251,21.6,9,,2023-03-15T06:31:26,2023-03-15T18:29:22,0.75,Partially cloudy,Partly cloudy throughout the day.,partly-cloudy-day,"42182099999,42176099999,VIDP,42139099999,42181099999"
"delhi, India",2023-03-16,32.4,21.7,26.3,30.9,21.7,25.8,12.1,44.6,0,0,0,,0,0,24.8,14.8,118.2,1010.4,74.6,2.7,208.4,17.9,8,,2023-03-16T06:30:18,2023-03-16T18:29:57,0.81,Partially cloudy,Partly cloudy throughout the day.,partly-cloudy-day,"42182099999,42176099999,VIDP,42139099999,42181099999"
"delhi, India",2023-03-17,29,19.7,24.2,27.9,19.7,24.1,12.6,49.3,0,0,0,,0,0,28.4,11.2,112.8,1012,73.2,2.8,201.2,17.4,7,,2023-03-17T06:29:09,2023-03-17T18:30:32,0.84,Partially cloudy,Partly cloudy throughout the day.,partly-cloudy-day,"42182099999,42176099999,VIDP,42139099999,42181099999"
"delhi, India",2023-03-18,25,18,20.7,25,18,20.7,17,80.7,4.298,100,20.83,rain,0,0,29.5,19,74.8,1011.4,90.1,2.3,202.8,17.6,8,,2023-03-18T06:28:00,2023-03-18T18:31:06,0.88,"Rain, Overcast",Cloudy skies throughout the day with a chance of rain throughout the day.,rain,"42182099999,42176099999,VIDP,42139099999,42181099999,VIDD"
"delhi, India",2023-03-19,26,17,20.8,26,17,20.8,17.8,84,5.331,100,8.33,rain,0,0,19.4,15.9,95.3,1009.3,75.1,2.2,236.4,20.5,8,,2023-03-19T06:26:50,2023-03-19T18:31:41,0.91,"Rain, Partially cloudy",Partly cloudy throughout the day with afternoon rain.,rain,"42182099999,42176099999,VIDP,42139099999,42181099999"
"delhi, India",2023-03-20,25.7,16,20,25.7,16,20,16.4,81.4,10.896,100,8.33,rain,0,0,44.6,25.9,98.1,1008.1,89,2.6,114.5,9.8,5,,2023-03-20T06:25:41,2023-03-20T18:32:15,0.95,"Rain, Partially cloudy",Partly cloudy throughout the day with late afternoon rain.,rain,"42182099999,42176099999,VIDP,42139099999,42181099999"
"delhi, India",2023-03-21,24,16,19.9,24,16,19.9,16.3,81.5,0,0,0,,0,0,22.7,7.6,358.4,1009.3,58.1,2.6,150.8,13.1,6,,2023-03-21T06:24:31,2023-03-21T18:32:49,0,Partially cloudy,Partly cloudy throughout the day.,partly-cloudy-day,"42182099999,42176099999,VIDP,42139099999,42181099999"
"delhi, India",2023-03-22,28,16.2,21.2,27.6,16.2,21.2,15.6,74.5,0,0,0,,0,0,25.9,14.8,251.9,1010.8,49.7,2.2,248.4,21.4,9,,2023-03-22T06:23:22,2023-03-22T18:33:23,0.02,Partially cloudy,Partly cloudy throughout the day.,partly-cloudy-day,"42182099999,42176099999,VIDP,42139099999,42181099999"
"delhi, India",2023-03-23,29.6,17,23.4,28.8,17,23.2,14.5,61.3,0,0,0,,0,0,30.6,12.7,286.8,1009.4,27.8,3.1,268.2,23.1,9,,2023-03-23T06:22:12,2023-03-23T18:33:57,0.05,Partially cloudy,Partly cloudy throughout the day.,partly-cloudy-day,"42182099999,42176099999,VIDP,42139099999,42181099999"
"delhi, India",2023-03-24,28,19,22.2,28.1,19,22.2,16.3,71.5,10.597,100,8.33,rain,0,0,30.6,18.4,94.6,1009.1,73.4,2.5,215.3,18.6,7,,2023-03-24T06:21:02,2023-03-24T18:34:30,0.08,"Rain, Partially cloudy",Partly cloudy throughout the day with rain.,rain,"42182099999,42176099999,VIDP,42139099999,42181099999"
"delhi, India",2023-03-25,28.7,17,22.8,29,17,22.8,16.5,70.7,0,0,0,,0,0,31,16.6,94.7,1011.8,55.3,3.1,234,20.1,9,,2023-03-25T06:19:53,2023-03-25T18:35:04,0.11,Partially cloudy,Partly cloudy throughout the day.,partly-cloudy-day,"42182099999,42176099999,VIDP,42139099999,42181099999"
"delhi, India",2023-03-26,30.1,18.2,24.2,28.9,18.2,23.9,12.3,51.4,0,0,0,,0,0,28.1,14.8,317.7,1011.6,15,3.4,245.5,21.2,9,,2023-03-26T06:18:43,2023-03-26T18:35:38,0.15,Clear,Clear conditions throughout the day.,clear-day,"42182099999,42176099999,VIDP,42139099999,42181099999"
"delhi, India",2023-03-27,27.9,18,23,27.4,18,22.9,13.8,58.9,0,0,0,,0,0,32.4,17.2,281.6,1010.8,0.2,3.2,274,23.7,9,,2023-03-27T06:17:33,2023-03-27T18:36:11,0.18,Clear,Clear conditions throughout the day.,clear-day,"42182099999,42176099999,VIDP,42139099999,42181099999"
"delhi, India",2023-03-28,30.1,17.6,24.1,29.1,17.6,23.8,12.8,52.6,0,0,0,,0,0,28.8,18.5,287.8,1010.4,23.4,3.1,266.6,23,9,,2023-03-28T06:16:24,2023-03-28T18:36:44,0.21,Partially cloudy,Partly cloudy throughout the day.,partly-cloudy-day,"42182099999,42176099999,VIDP,42139099999,42181099999,VIDD"
"delhi, India",2023-03-29,32.5,18.5,24.9,31.6,18.5,24.5,13.6,53.3,7.716,100,4.17,rain,0,0,38.9,20.5,136.3,1010.8,46.8,2.8,260.3,22.5,9,,2023-03-29T06:15:14,2023-03-29T18:37:18,0.25,"Rain, Partially cloudy",Becoming cloudy in the afternoon with late afternoon rain.,rain,"42182099999,42176099999,VIDP,42139099999,42181099999"
"delhi, India",2023-03-30,31.9,18,23.5,31.5,18,23.4,15.3,63.6,15.403,100,8.33,rain,0,0,46.4,26.8,10.6,1009.3,76.1,2.5,261.1,22.5,9,,2023-03-30T06:14:05,2023-03-30T18:37:51,0.28,"Rain, Partially cloudy",Partly cloudy throughout the day with rain.,rain,"42182099999,42176099999,VIDP,42139099999,42181099999"
"delhi, India",2023-03-31,26.6,17.2,20.7,26.6,17.2,20.7,17.1,81.2,0.712,100,8.33,rain,0,0,33.5,10.7,81.8,1008.9,89.1,2.6,230.2,19.8,8,,2023-03-31T06:12:56,2023-03-31T18:38:25,0.31,"Rain, Partially cloudy",Partly cloudy throughout the day with rain.,rain,"42182099999,42176099999,VIDP,42139099999,42181099999"
"delhi, India",2023-04-01,28,17,21,27.8,17,21.1,16.8,79.7,3.149,100,4.17,rain,0,0,20.9,13,118.9,1009.7,55.1,2.6,227,19.6,9,,2023-04-01T06:11:47,2023-04-01T18:38:58,0.34,"Rain, Partially cloudy",Partly cloudy throughout the day with late afternoon rain.,rain,"42182099999,42176099999,VIDP,42139099999,42181099999,VIDD"
"delhi, India",2023-04-02,29.2,17.2,23.3,29.3,17.2,23.3,16.3,68,0,0,0,,0,0,33.1,18.4,262.3,1008.6,30.1,2.8,267.1,23.2,9,,2023-04-02T06:10:38,2023-04-02T18:39:31,0.37,Partially cloudy,Partly cloudy throughout the day.,partly-cloudy-day,"42182099999,42176099999,VIDP,42139099999,42181099999"
"delhi, India",2023-04-03,31.1,18.8,24.7,31,18.8,24.7,15.7,59.8,0,0,0,,0,0,46.4,14.8,36.3,1007.2,18.3,2.8,273.3,23.5,9,,2023-04-03T06:09:29,2023-04-03T18:40:05,0.41,Clear,Clear conditions throughout the day.,clear-day,"42182099999,42176099999,VIDP,42139099999,42181099999"
"delhi, India",2023-04-04,30,18.3,24.5,29.2,18.3,24.2,14.6,57.9,13.61,100,8.33,rain,0,0,30.6,18.8,296.6,1009.7,34.1,3.5,279.2,24.1,9,,2023-04-04T06:08:21,2023-04-04T18:40:38,0.44,"Rain, Partially cloudy",Clearing in the afternoon with rain clearing later.,rain,"42182099999,42176099999,VIDP,42139099999,42181099999"
"delhi, India",2023-04-05,32,18,25,29.8,18,24.5,11.3,47.2,0,0,0,,0,0,26.3,14.8,292.2,1010.3,3.9,3.1,296.9,25.6,10,,2023-04-05T06:07:13,2023-04-05T18:41:11,0.47,Clear,Clear conditions throughout the day.,clear-day,"42182099999,42176099999,VIDP,42139099999,42181099999"
"delhi, India",2023-04-06,32,18.8,25.8,30.2,18.8,25.1,8.8,37.6,0,0,0,,0,0,32.8,14.8,311.4,1012.5,32.4,3.6,286.4,24.8,9,,2023-04-06T06:06:05,2023-04-06T18:41:45,0.5,Partially cloudy,Clearing in the afternoon.,partly-cloudy-day,"42182099999,42176099999,VIDP,42139099999,42181099999"
"delhi, India",2023-04-07,32.9,18.2,26.1,30.7,18.2,25.3,7,34.6,0,0,0,,0,0,31.7,16.6,288.3,1014.2,0,3.5,308.1,26.5,10,,2023-04-07T06:04:58,2023-04-07T18:42:18,0.54,Clear,Clear conditions throughout the day.,clear-day,"42182099999,42176099999,VIDP,42139099999,42181099999,VIDD"
"delhi, India",2023-04-08,33.1,19,26.4,30.9,19,25.6,5.9,30.3,0,0,0,,0,0,27,14.8,279.1,1014.6,2.5,3.3,308,26.5,10,,2023-04-08T06:03:51,2023-04-08T18:42:52,0.57,Clear,Clear conditions throughout the day.,clear-day,"42182099999,42176099999,VIDP,42139099999,42181099999,VIDD"
"delhi, India",2023-04-09,35,18.2,27.3,32.3,18.2,26.3,6.4,31.5,0,0,0,,0,0,28.8,14.8,289.2,1014.6,0,3.1,305.6,26.3,10,,2023-04-09T06:02:44,2023-04-09T18:43:25,0.61,Clear,Clear conditions throughout the day.,clear-day,"42182099999,42176099999,VIDP,42139099999,42181099999"
"delhi, India",2023-04-10,34.1,18.2,27.1,31.8,18.2,26.1,6.5,31,0,0,0,,0,0,33.5,14.8,273.3,1012.7,22.6,3.1,300.7,25.9,10,,2023-04-10T06:01:38,2023-04-10T18:43:59,0.65,Partially cloudy,Partly cloudy throughout the day.,partly-cloudy-day,"42182099999,42176099999,VIDP,42139099999,42181099999"
"delhi, India",2023-04-11,36.2,19.2,28.5,34.6,19.2,27.4,8,31,0,0,0,,0,0,37.8,16.6,278.4,1011.9,18.1,3.2,294.5,25.4,10,,2023-04-11T06:00:32,2023-04-11T18:44:33,0.68,Clear,Clear conditions throughout the day.,clear-day,"42182099999,42176099999,VIDP,42139099999,42181099999"
"delhi, India",2023-04-12,36,23.5,29.6,33.6,23.5,28.6,10,32.1,0,0,0,,0,0,40.7,18.4,283.1,1011.4,55.2,3.4,286.8,24.8,9,,2023-04-12T05:59:27,2023-04-12T18:45:07,0.72,Partially cloudy,Partly cloudy throughout the day.,partly-cloudy-day,"42182099999,42176099999,VIDP,42139099999,42181099999"
"delhi, India",2023-04-13,38,21.3,30,35.3,21.3,28.8,9.1,31.9,0,0,0,,0,0,32.4,14.8,270.3,1009.5,20,3.2,305.8,26.5,10,,2023-04-13T05:58:22,2023-04-13T18:45:41,0.75,Clear,Clearing in the afternoon.,clear-day,"42182099999,42176099999,VIDP,42139099999,42181099999,remote"
"delhi, India",2023-04-14,38.3,22.6,30.9,36,22.6,29.5,6.9,26.3,0,0,0,,0,0,31,16.6,271.2,1008.8,23.3,3.2,307.6,26.7,10,,2023-04-14T05:57:18,2023-04-14T18:46:15,0.79,Partially cloudy,Partly cloudy throughout the day.,partly-cloudy-day,"42182099999,42176099999,VIDP,42139099999,42181099999"
"delhi, India",2023-04-15,40.1,22.9,32.3,38.1,22.9,30.8,7.4,24.7,0,0,0,,0,0,23,10.6,240.5,1008.1,5.9,3.4,306.7,26.6,10,,2023-04-15T05:56:14,2023-04-15T18:46:49,0.82,Clear,Clear conditions throughout the day.,clear-day,"42182099999,42176099999,VIDP,42139099999,42181099999"
"delhi, India",2023-04-16,40,24.9,32.6,38.5,24.9,31.7,10.7,28.3,0,0,0,,0,0,37.1,14.8,246.9,1007,41.5,3,281.6,24.5,9,,2023-04-16T05:55:11,2023-04-16T18:47:23,0.86,Partially cloudy,Partly cloudy throughout the day.,partly-cloudy-day,"42182099999,42176099999,VIDP,42139099999,42181099999,VIDD,remote"
"delhi, India",2023-04-17,40,23.9,32.3,38.7,23.9,31.2,10.9,30,0,0,0,,0,0,24.5,13.2,271.4,1007.2,22.8,3.3,290.3,25.2,9,,2023-04-17T05:54:09,2023-04-17T18:47:58,0.9,Partially cloudy,Partly cloudy throughout the day.,partly-cloudy-day,"42182099999,42176099999,VIDP,42139099999,42181099999"
"delhi, India",2023-04-18,39,24.5,32.9,38.5,24.5,32.1,12.5,31.6,0,0,0,,0,0,29.5,14.9,260.5,1008.3,25.4,3.7,300.2,26,9,,2023-04-18T05:53:07,2023-04-18T18:48:32,0.93,Partially cloudy,Partly cloudy throughout the day.,partly-cloudy-day,"42182099999,42176099999,VIDP,42139099999,42181099999"
"delhi, India",2023-04-19,37.3,25,31.4,37.9,25,30.9,13.5,35.1,0,0,0,,0,0,46.4,18.4,325.4,1006,55.5,3.1,279.4,24.1,10,,2023-04-19T05:52:06,2023-04-19T18:49:07,0.97,Partially cloudy,Partly cloudy throughout the day.,partly-cloudy-day,"42182099999,42176099999,VIDP,42139099999,42181099999,VIDD"
"delhi, India",2023-04-20,34.8,25,29.2,34.4,25,28.8,13.6,40,1.023,100,4.17,rain,0,0,55.4,27.7,261.8,1003.2,61.6,3.3,286.6,24.9,9,,2023-04-20T05:51:05,2023-04-20T18:49:42,0,"Rain, Partially cloudy",Partly cloudy throughout the day with late afternoon rain.,rain,"42182099999,42176099999,VIDP,42139099999,42181099999"
"delhi, India",2023-04-21,35.5,23,29.2,33.7,23,28.3,10.7,35.1,0,0,0,,0,0,28.4,17.3,342.3,1004.2,57,3.4,285.4,24.8,9,,2023-04-21T05:50:05,2023-04-21T18:50:17,0.04,Partially cloudy,Partly cloudy throughout the day.,partly-cloudy-day,"42182099999,42176099999,VIDP,42139099999,42181099999"
"delhi, India",2023-04-22,35.5,22.7,29.5,33.8,22.7,28.3,8.2,29.1,0,0,0,,0,0,37.1,18.4,15.4,1005.4,31.9,3.6,304.2,26.4,10,,2023-04-22T05:49:06,2023-04-22T18:50:52,0.07,Partially cloudy,Partly cloudy throughout the day.,partly-cloudy-day,"42182099999,42176099999,VIDP,42139099999,42181099999"
"delhi, India",2023-04-23,31,24,27.1,29,24,26.4,6.6,28.2,0,0,0,,0,0,46.4,18.4,312.3,1007.5,78.5,3.7,287.8,25,9,,2023-04-23T05:48:08,2023-04-23T18:51:27,0.1,Partially cloudy,Partly cloudy throughout the day.,partly-cloudy-day,"42182099999,42176099999,VIDP,42139099999,42181099999"
"delhi, India",2023-04-24,33.2,22,26.9,32,22,26.3,9.6,35,0,0,0,,0,0,36.4,16.6,91.8,1010.5,49.6,2.9,269.6,23.3,9,,2023-04-24T05:47:10,2023-04-24T18:52:02,0.13,Partially cloudy,Partly cloudy throughout the day.,partly-cloudy-day,"42182099999,42176099999,VIDP,42139099999,42181099999"
"delhi, India",2023-04-25,34,21.7,27.6,32.8,21.7,26.9,10.3,36.3,0,0,0,,0,0,29.5,16.6,118.9,1011.8,21.9,3.3,311.7,27.2,10,,2023-04-25T05:46:14,2023-04-25T18:52:38,0.16,Partially cloudy,Partly cloudy throughout the day.,partly-cloudy-day,"42182099999,42176099999,VIDP,42139099999,42181099999"
"delhi, India",2023-04-26,35.9,22.6,29.1,35,22.6,28.3,11.2,35.5,0,0,0,,0,0,18.4,9.4,137.5,1008.5,30.3,3.1,266.4,22.9,9,,2023-04-26T05:45:18,2023-04-26T18:53:13,0.2,Partially cloudy,Partly cloudy throughout the day.,partly-cloudy-day,"42182099999,42176099999,VIDP,42139099999,42181099999"
"delhi, India",2023-04-27,37.8,23,29.9,36.5,23,29,10.4,33.6,0.1,100,4.17,rain,0,0,46.4,14.8,142,1007.9,48.1,3,276.4,24,9,,2023-04-27T05:44:23,2023-04-27T18:53:49,0.23,"Rain, Partially cloudy",Partly cloudy throughout the day with late afternoon rain.,rain,"42182099999,42176099999,VIDP,42139099999,42181099999"
"delhi, India",2023-04-28,34,24,28.4,33.3,24,28.1,13.5,41.4,0.6,100,4.17,rain,0,0,22,12.4,83.8,1009.1,69.6,2.7,201,17.4,6,,2023-04-28T05:43:28,2023-04-28T18:54:24,0.25,"Rain, Partially cloudy",Partly cloudy throughout the day with afternoon rain.,rain,"42182099999,42176099999,VIDP,42139099999,42181099999,remote"
"delhi, India",2023-04-29,32.7,23.8,27.9,34.8,23.8,27.9,14.1,43.4,0,0,0,,0,0,42.5,15.2,239.6,1008.3,83.7,2.6,224.8,19.4,9,,2023-04-29T05:42:35,2023-04-29T18:55:00,0.29,Partially cloudy,Partly cloudy throughout the day.,partly-cloudy-day,"42182099999,42176099999,VIDP,42139099999,42181099999"
"delhi, India",2023-04-30,29.6,22.3,25.7,29.7,22.3,25.8,16.6,58.4,0.255,100,4.17,rain,0,0,26.3,11.4,66.6,1007.5,86.8,2.6,247.5,21.6,9,,2023-04-30T05:41:43,2023-04-30T18:55:36,0.32,"Rain, Partially cloudy",Partly cloudy throughout the day with morning rain.,rain,"42182099999,42176099999,VIDP,42139099999,42181099999,remote"
